"Data Source","World Development Indicators",

"Last Updated Date","2018-10-18",

"Country Name","Country Code","Indicator Name","Indicator Code","1960","1961","1962","1963","1964","1965","1966","1967","1968","1969","1970","1971","1972","1973","1974","1975","1976","1977","1978","1979","1980","1981","1982","1983","1984","1985","1986","1987","1988","1989","1990","1991","1992","1993","1994","1995","1996","1997","1998","1999","2000","2001","2002","2003","2004","2005","2006","2007","2008","2009","2010","2011","2012","2013","2014","2015","2016","2017",
"Aruba","ABW","Time spent dealing with the requirements of government regulations (% of senior management time)","IC.GOV.DURS.ZS","","","","","","","","","","","","","","","","","","","","","","","","","","","","","","","","","","","","","","","","","","","","","","","","","","","","","","","","","","",
"Afghanistan","AFG","Time spent dealing with the requirements of government regulations (% of senior management time)","IC.GOV.DURS.ZS","","","","","","","","","","","","","","","","","","","","","","","","","","","","","","","","","","","","","","","","","","","","","","","","","6.8","","","","","","9.8","","","",
"Angola","AGO","Time spent dealing with the requirements of government regulations (% of senior management time)","IC.GOV.DURS.ZS","","","","","","","","","","","","","","","","","","","","","","","","","","","","","","","","","","","","","","","","","","","","","","","7.1","","","","12.2","","","","","","","",
"Albania","ALB","Time spent dealing with the requirements of government regulations (% of senior management time)","IC.GOV.DURS.ZS","","","","","","","","","","","","","","","","","","","","","","","","","","","","","","","","","","","","","","","","","","","","","","9.9","","18.7","","","","","","6.7","","","","",
"Andorra","AND","Time spent dealing with the requirements of government regulations (% of senior management time)","IC.GOV.DURS.ZS","","","","","","","","","","","","","","","","","","","","","","","","","","","","","","","","","","","","","","","","","","","","","","","","","","","","","","","","","","",
"Arab World","ARB","Time spent dealing with the requirements of government regulations (% of senior management time)","IC.GOV.DURS.ZS","","","","","","","","","","","","","","","","","","","","","","","","","","","","","","","","","","","","","","","","","","","","","","","","","","","","","","","","","","9.71818181818182",
"United Arab Emirates","ARE","Time spent dealing with the requirements of government regulations (% of senior management time)","IC.GOV.DURS.ZS","","","","","","","","","","","","","","","","","","","","","","","","","","","","","","","","","","","","","","","","","","","","","","","","","","","","","","","","","","",
"Argentina","ARG","Time spent dealing with the requirements of government regulations (% of senior management time)","IC.GOV.DURS.ZS","","","","","","","","","","","","","","","","","","","","","","","","","","","","","","","","","","","","","","","","","","","","","","","14.1","","","","20.8","","","","","","","20.5",
"Armenia","ARM","Time spent dealing with the requirements of government regulations (% of senior management time)","IC.GOV.DURS.ZS","","","","","","","","","","","","","","","","","","","","","","","","","","","","","","","","","","","","","","","","","","","1.9","","","3.1","","","","10.3","","","","12.2","","","","",
"American Samoa","ASM","Time spent dealing with the requirements of government regulations (% of senior management time)","IC.GOV.DURS.ZS","","","","","","","","","","","","","","","","","","","","","","","","","","","","","","","","","","","","","","","","","","","","","","","","","","","","","","","","","","",
"Antigua and Barbuda","ATG","Time spent dealing with the requirements of government regulations (% of senior management time)","IC.GOV.DURS.ZS","","","","","","","","","","","","","","","","","","","","","","","","","","","","","","","","","","","","","","","","","","","","","","","","","","","4.5","","","","","","","",
"Australia","AUS","Time spent dealing with the requirements of government regulations (% of senior management time)","IC.GOV.DURS.ZS","","","","","","","","","","","","","","","","","","","","","","","","","","","","","","","","","","","","","","","","","","","","","","","","","","","","","","","","","","",
"Austria","AUT","Time spent dealing with the requirements of government regulations (% of senior management time)","IC.GOV.DURS.ZS","","","","","","","","","","","","","","","","","","","","","","","","","","","","","","","","","","","","","","","","","","","","","","","","","","","","","","","","","","",
"Azerbaijan","AZE","Time spent dealing with the requirements of government regulations (% of senior management time)","IC.GOV.DURS.ZS","","","","","","","","","","","","","","","","","","","","","","","","","","","","","","","","","","","","","","","","","","","2.9","","","5.2","","","","3","","","","0.3","","","","",
"Burundi","BDI","Time spent dealing with the requirements of government regulations (% of senior management time)","IC.GOV.DURS.ZS","","","","","","","","","","","","","","","","","","","","","","","","","","","","","","","","","","","","","","","","","","","","","","","5.7","","","","","","","","2.3","","","",
"Belgium","BEL","Time spent dealing with the requirements of government regulations (% of senior management time)","IC.GOV.DURS.ZS","","","","","","","","","","","","","","","","","","","","","","","","","","","","","","","","","","","","","","","","","","","","","","","","","","","","","","","","","","",
"Benin","BEN","Time spent dealing with the requirements of government regulations (% of senior management time)","IC.GOV.DURS.ZS","","","","","","","","","","","","","","","","","","","","","","","","","","","","","","","","","","","","","","","","","","","","","","","","","","24.5","","","","","","","5.7","",
"Burkina Faso","BFA","Time spent dealing with the requirements of government regulations (% of senior management time)","IC.GOV.DURS.ZS","","","","","","","","","","","","","","","","","","","","","","","","","","","","","","","","","","","","","","","","","","","","","","","9.5","","","22.2","","","","","","","","",
"Bangladesh","BGD","Time spent dealing with the requirements of government regulations (% of senior management time)","IC.GOV.DURS.ZS","","","","","","","","","","","","","","","","","","","","","","","","","","","","","","","","","","","","","","","","","","","","","","","","3.2","","","","","","3.3","","","","",
"Bulgaria","BGR","Time spent dealing with the requirements of government regulations (% of senior management time)","IC.GOV.DURS.ZS","","","","","","","","","","","","","","","","","","","","","","","","","","","","","","","","","","","","","","","","","","","2.5","","","2.9","","17.4","","10.6","","","","16.1","","","","",
"Bahrain","BHR","Time spent dealing with the requirements of government regulations (% of senior management time)","IC.GOV.DURS.ZS","","","","","","","","","","","","","","","","","","","","","","","","","","","","","","","","","","","","","","","","","","","","","","","","","","","","","","","","","","",
"Bahamas, The","BHS","Time spent dealing with the requirements of government regulations (% of senior management time)","IC.GOV.DURS.ZS","","","","","","","","","","","","","","","","","","","","","","","","","","","","","","","","","","","","","","","","","","","","","","","","","","","3.9","","","","","","","",
"Bosnia and Herzegovina","BIH","Time spent dealing with the requirements of government regulations (% of senior management time)","IC.GOV.DURS.ZS","","","","","","","","","","","","","","","","","","","","","","","","","","","","","","","","","","","","","","","","","","","7.1","","","4.1","","","","11.2","","","","14.5","","","","",
"Belarus","BLR","Time spent dealing with the requirements of government regulations (% of senior management time)","IC.GOV.DURS.ZS","","","","","","","","","","","","","","","","","","","","","","","","","","","","","","","","","","","","","","","","","","","5.5","","","5.1","","","13.6","","","","","13.7","","","","",
"Belize","BLZ","Time spent dealing with the requirements of government regulations (% of senior management time)","IC.GOV.DURS.ZS","","","","","","","","","","","","","","","","","","","","","","","","","","","","","","","","","","","","","","","","","","","","","","","","","","","3.9","","","","","","","",
"Bermuda","BMU","Time spent dealing with the requirements of government regulations (% of senior management time)","IC.GOV.DURS.ZS","","","","","","","","","","","","","","","","","","","","","","","","","","","","","","","","","","","","","","","","","","","","","","","","","","","","","","","","","","",
"Bolivia","BOL","Time spent dealing with the requirements of government regulations (% of senior management time)","IC.GOV.DURS.ZS","","","","","","","","","","","","","","","","","","","","","","","","","","","","","","","","","","","","","","","","","","","","","","","13.5","","","","28.5","","","","","","","15.1",
"Brazil","BRA","Time spent dealing with the requirements of government regulations (% of senior management time)","IC.GOV.DURS.ZS","","","","","","","","","","","","","","","","","","","","","","","","","","","","","","","","","","","","","","","","","","","","","","","","","","14.2","","","","","","","","",
"Barbados","BRB","Time spent dealing with the requirements of government regulations (% of senior management time)","IC.GOV.DURS.ZS","","","","","","","","","","","","","","","","","","","","","","","","","","","","","","","","","","","","","","","","","","","","","","","","","","","4.3","","","","","","","",
"Brunei Darussalam","BRN","Time spent dealing with the requirements of government regulations (% of senior management time)","IC.GOV.DURS.ZS","","","","","","","","","","","","","","","","","","","","","","","","","","","","","","","","","","","","","","","","","","","","","","","","","","","","","","","","","","",
"Bhutan","BTN","Time spent dealing with the requirements of government regulations (% of senior management time)","IC.GOV.DURS.ZS","","","","","","","","","","","","","","","","","","","","","","","","","","","","","","","","","","","","","","","","","","","","","","","","","","15.9","","","","","","28.8","","",
"Botswana","BWA","Time spent dealing with the requirements of government regulations (% of senior management time)","IC.GOV.DURS.ZS","","","","","","","","","","","","","","","","","","","","","","","","","","","","","","","","","","","","","","","","","","","","","","","5","","","","10.2","","","","","","","",
"Central African Republic","CAF","Time spent dealing with the requirements of government regulations (% of senior management time)","IC.GOV.DURS.ZS","","","","","","","","","","","","","","","","","","","","","","","","","","","","","","","","","","","","","","","","","","","","","","","","","","","","9.2","","","","","","",
"Canada","CAN","Time spent dealing with the requirements of government regulations (% of senior management time)","IC.GOV.DURS.ZS","","","","","","","","","","","","","","","","","","","","","","","","","","","","","","","","","","","","","","","","","","","","","","","","","","","","","","","","","","",
"Central Europe and the Baltics","CEB","Time spent dealing with the requirements of government regulations (% of senior management time)","IC.GOV.DURS.ZS","","","","","","","","","","","","","","","","","","","","","","","","","","","","","","","","","","","","","","","","","","","","","","","","","","","","","","","","","","12.0454545454545",
"Switzerland","CHE","Time spent dealing with the requirements of government regulations (% of senior management time)","IC.GOV.DURS.ZS","","","","","","","","","","","","","","","","","","","","","","","","","","","","","","","","","","","","","","","","","","","","","","","","","","","","","","","","","","",
"Channel Islands","CHI","Time spent dealing with the requirements of government regulations (% of senior management time)","IC.GOV.DURS.ZS","","","","","","","","","","","","","","","","","","","","","","","","","","","","","","","","","","","","","","","","","","","","","","","","","","","","","","","","","","",
"Chile","CHL","Time spent dealing with the requirements of government regulations (% of senior management time)","IC.GOV.DURS.ZS","","","","","","","","","","","","","","","","","","","","","","","","","","","","","","","","","","","","","","","","","","","","","","","9","","","","9.9","","","","","","","",
"China","CHN","Time spent dealing with the requirements of government regulations (% of senior management time)","IC.GOV.DURS.ZS","","","","","","","","","","","","","","","","","","","","","","","","","","","","","","","","","","","","","","","","","","","","","","","","","","","","","0.9","","","","","",
"Cote d'Ivoire","CIV","Time spent dealing with the requirements of government regulations (% of senior management time)","IC.GOV.DURS.ZS","","","","","","","","","","","","","","","","","","","","","","","","","","","","","","","","","","","","","","","","","","","","","","","","","","1.6","","","","","","","15.2","",
"Cameroon","CMR","Time spent dealing with the requirements of government regulations (% of senior management time)","IC.GOV.DURS.ZS","","","","","","","","","","","","","","","","","","","","","","","","","","","","","","","","","","","","","","","","","","","","","","","12.8","","","7","","","","","","","17.9","",
"Congo, Dem. Rep.","COD","Time spent dealing with the requirements of government regulations (% of senior management time)","IC.GOV.DURS.ZS","","","","","","","","","","","","","","","","","","","","","","","","","","","","","","","","","","","","","","","","","","","","","","","6.3","","","","29.4","","","4.7","","","","",
"Congo, Rep.","COG","Time spent dealing with the requirements of government regulations (% of senior management time)","IC.GOV.DURS.ZS","","","","","","","","","","","","","","","","","","","","","","","","","","","","","","","","","","","","","","","","","","","","","","","","","","6","","","","","","","","",
"Colombia","COL","Time spent dealing with the requirements of government regulations (% of senior management time)","IC.GOV.DURS.ZS","","","","","","","","","","","","","","","","","","","","","","","","","","","","","","","","","","","","","","","","","","","","","","","14.3","","","","12.9","","","","","","","",
"Comoros","COM","Time spent dealing with the requirements of government regulations (% of senior management time)","IC.GOV.DURS.ZS","","","","","","","","","","","","","","","","","","","","","","","","","","","","","","","","","","","","","","","","","","","","","","","","","","","","","","","","","","",
"Cabo Verde","CPV","Time spent dealing with the requirements of government regulations (% of senior management time)","IC.GOV.DURS.ZS","","","","","","","","","","","","","","","","","","","","","","","","","","","","","","","","","","","","","","","","","","","","","","","12.2","","","3.9","","","","","","","","",
"Costa Rica","CRI","Time spent dealing with the requirements of government regulations (% of senior management time)","IC.GOV.DURS.ZS","","","","","","","","","","","","","","","","","","","","","","","","","","","","","","","","","","","","","","","","","","","","","","9.6","","","","","8.4","","","","","","","",
"Caribbean small states","CSS","Time spent dealing with the requirements of government regulations (% of senior management time)","IC.GOV.DURS.ZS","","","","","","","","","","","","","","","","","","","","","","","","","","","","","","","","","","","","","","","","","","","","","","","","","","","","","","","","","","5.47692307692308",
"Cuba","CUB","Time spent dealing with the requirements of government regulations (% of senior management time)","IC.GOV.DURS.ZS","","","","","","","","","","","","","","","","","","","","","","","","","","","","","","","","","","","","","","","","","","","","","","","","","","","","","","","","","","",
"Curacao","CUW","Time spent dealing with the requirements of government regulations (% of senior management time)","IC.GOV.DURS.ZS","","","","","","","","","","","","","","","","","","","","","","","","","","","","","","","","","","","","","","","","","","","","","","","","","","","","","","","","","","",
"Cayman Islands","CYM","Time spent dealing with the requirements of government regulations (% of senior management time)","IC.GOV.DURS.ZS","","","","","","","","","","","","","","","","","","","","","","","","","","","","","","","","","","","","","","","","","","","","","","","","","","","","","","","","","","",
"Cyprus","CYP","Time spent dealing with the requirements of government regulations (% of senior management time)","IC.GOV.DURS.ZS","","","","","","","","","","","","","","","","","","","","","","","","","","","","","","","","","","","","","","","","","","","","","","","","","","","","","","","","","","",
"Czech Republic","CZE","Time spent dealing with the requirements of government regulations (% of senior management time)","IC.GOV.DURS.ZS","","","","","","","","","","","","","","","","","","","","","","","","","","","","","","","","","","","","","","","","","","","1.7","","","1.9","","","","10.4","","","","13.9","","","","",
"Germany","DEU","Time spent dealing with the requirements of government regulations (% of senior management time)","IC.GOV.DURS.ZS","","","","","","","","","","","","","","","","","","","","","","","","","","","","","","","","","","","","","","","","","","","","","","1.2","","","","","","","","","","","","",
"Djibouti","DJI","Time spent dealing with the requirements of government regulations (% of senior management time)","IC.GOV.DURS.ZS","","","","","","","","","","","","","","","","","","","","","","","","","","","","","","","","","","","","","","","","","","","","","","","","","","","","","","5.3","","","","",
"Dominica","DMA","Time spent dealing with the requirements of government regulations (% of senior management time)","IC.GOV.DURS.ZS","","","","","","","","","","","","","","","","","","","","","","","","","","","","","","","","","","","","","","","","","","","","","","","","","","","1.9","","","","","","","",
"Denmark","DNK","Time spent dealing with the requirements of government regulations (% of senior management time)","IC.GOV.DURS.ZS","","","","","","","","","","","","","","","","","","","","","","","","","","","","","","","","","","","","","","","","","","","","","","","","","","","","","","","","","","",
"Dominican Republic","DOM","Time spent dealing with the requirements of government regulations (% of senior management time)","IC.GOV.DURS.ZS","","","","","","","","","","","","","","","","","","","","","","","","","","","","","","","","","","","","","","","","","","","","","","","","","","","11.7","","","","","","7.1","",
"Algeria","DZA","Time spent dealing with the requirements of government regulations (% of senior management time)","IC.GOV.DURS.ZS","","","","","","","","","","","","","","","","","","","","","","","","","","","","","","","","","","","","","","","","","","","","","","","","25.1","","","","","","","","","","",
"East Asia & Pacific (excluding high income)","EAP","Time spent dealing with the requirements of government regulations (% of senior management time)","IC.GOV.DURS.ZS","","","","","","","","","","","","","","","","","","","","","","","","","","","","","","","","","","","","","","","","","","","","","","","","","","","","","","","","","","6.04615384615385",
"Early-demographic dividend","EAR","Time spent dealing with the requirements of government regulations (% of senior management time)","IC.GOV.DURS.ZS","","","","","","","","","","","","","","","","","","","","","","","","","","","","","","","","","","","","","","","","","","","","","","","","","","","","","","","","","","9.47333333333333",
"East Asia & Pacific","EAS","Time spent dealing with the requirements of government regulations (% of senior management time)","IC.GOV.DURS.ZS","","","","","","","","","","","","","","","","","","","","","","","","","","","","","","","","","","","","","","","","","","","","","","","","","","","","","","","","","","6.04615384615385",
"Europe & Central Asia (excluding high income)","ECA","Time spent dealing with the requirements of government regulations (% of senior management time)","IC.GOV.DURS.ZS","","","","","","","","","","","","","","","","","","","","","","","","","","","","","","","","","","","","","","","","","","","","","","","","","","","","","","","","","","12.3",
"Europe & Central Asia","ECS","Time spent dealing with the requirements of government regulations (% of senior management time)","IC.GOV.DURS.ZS","","","","","","","","","","","","","","","","","","","","","","","","","","","","","","","","","","","","","","","","","","","","","","","","","","","","","","","","","","11.7166666666667",
"Ecuador","ECU","Time spent dealing with the requirements of government regulations (% of senior management time)","IC.GOV.DURS.ZS","","","","","","","","","","","","","","","","","","","","","","","","","","","","","","","","","","","","","","","","","","","","","","","17.3","","","","22.5","","","","","","","15.6",
"Egypt, Arab Rep.","EGY","Time spent dealing with the requirements of government regulations (% of senior management time)","IC.GOV.DURS.ZS","","","","","","","","","","","","","","","","","","","","","","","","","","","","","","","","","","","","","","","","","","","","","","","","","8.8","","","","","3.1","","","7","",
"Euro area","EMU","Time spent dealing with the requirements of government regulations (% of senior management time)","IC.GOV.DURS.ZS","","","","","","","","","","","","","","","","","","","","","","","","","","","","","","","","","","","","","","","","","","","","","","","","","","","","","","","","","","7.22",
"Eritrea","ERI","Time spent dealing with the requirements of government regulations (% of senior management time)","IC.GOV.DURS.ZS","","","","","","","","","","","","","","","","","","","","","","","","","","","","","","","","","","","","","","","","","","","","","","","","","","0.5","","","","","","","","",
"Spain","ESP","Time spent dealing with the requirements of government regulations (% of senior management time)","IC.GOV.DURS.ZS","","","","","","","","","","","","","","","","","","","","","","","","","","","","","","","","","","","","","","","","","","","","","","0.8","","","","","","","","","","","","",
"Estonia","EST","Time spent dealing with the requirements of government regulations (% of senior management time)","IC.GOV.DURS.ZS","","","","","","","","","","","","","","","","","","","","","","","","","","","","","","","","","","","","","","","","","","","2.1","","","2.1","","","","5.5","","","","6.6","","","","",
"Ethiopia","ETH","Time spent dealing with the requirements of government regulations (% of senior management time)","IC.GOV.DURS.ZS","","","","","","","","","","","","","","","","","","","","","","","","","","","","","","","","","","","","","","","","","","","","","","","3.8","","","","","3","","","","11.9","","",
"European Union","EUU","Time spent dealing with the requirements of government regulations (% of senior management time)","IC.GOV.DURS.ZS","","","","","","","","","","","","","","","","","","","","","","","","","","","","","","","","","","","","","","","","","","","","","","","","","","","","","","","","","","11.45",
"Fragile and conflict affected situations","FCS","Time spent dealing with the requirements of government regulations (% of senior management time)","IC.GOV.DURS.ZS","","","","","","","","","","","","","","","","","","","","","","","","","","","","","","","","","","","","","","","","","","","","","","","","","","","","","","","","","","8.33181818181818",
"Finland","FIN","Time spent dealing with the requirements of government regulations (% of senior management time)","IC.GOV.DURS.ZS","","","","","","","","","","","","","","","","","","","","","","","","","","","","","","","","","","","","","","","","","","","","","","","","","","","","","","","","","","",
"Fiji","FJI","Time spent dealing with the requirements of government regulations (% of senior management time)","IC.GOV.DURS.ZS","","","","","","","","","","","","","","","","","","","","","","","","","","","","","","","","","","","","","","","","","","","","","","","","","","4.4","","","","","","","","",
"France","FRA","Time spent dealing with the requirements of government regulations (% of senior management time)","IC.GOV.DURS.ZS","","","","","","","","","","","","","","","","","","","","","","","","","","","","","","","","","","","","","","","","","","","","","","","","","","","","","","","","","","",
"Faroe Islands","FRO","Time spent dealing with the requirements of government regulations (% of senior management time)","IC.GOV.DURS.ZS","","","","","","","","","","","","","","","","","","","","","","","","","","","","","","","","","","","","","","","","","","","","","","","","","","","","","","","","","","",
"Micronesia, Fed. Sts.","FSM","Time spent dealing with the requirements of government regulations (% of senior management time)","IC.GOV.DURS.ZS","","","","","","","","","","","","","","","","","","","","","","","","","","","","","","","","","","","","","","","","","","","","","","","","","","12.4","","","","","","","","",
"Gabon","GAB","Time spent dealing with the requirements of government regulations (% of senior management time)","IC.GOV.DURS.ZS","","","","","","","","","","","","","","","","","","","","","","","","","","","","","","","","","","","","","","","","","","","","","","","","","","2.8","","","","","","","","",
"United Kingdom","GBR","Time spent dealing with the requirements of government regulations (% of senior management time)","IC.GOV.DURS.ZS","","","","","","","","","","","","","","","","","","","","","","","","","","","","","","","","","","","","","","","","","","","","","","","","","","","","","","","","","","",
"Georgia","GEO","Time spent dealing with the requirements of government regulations (% of senior management time)","IC.GOV.DURS.ZS","","","","","","","","","","","","","","","","","","","","","","","","","","","","","","","","","","","","","","","","","","","9.6","","","3.9","","","2.1","","","","","0.9","","","","",
"Ghana","GHA","Time spent dealing with the requirements of government regulations (% of senior management time)","IC.GOV.DURS.ZS","","","","","","","","","","","","","","","","","","","","","","","","","","","","","","","","","","","","","","","","","","","","","","","","3.2","","","","","","4","","","","",
"Gibraltar","GIB","Time spent dealing with the requirements of government regulations (% of senior management time)","IC.GOV.DURS.ZS","","","","","","","","","","","","","","","","","","","","","","","","","","","","","","","","","","","","","","","","","","","","","","","","","","","","","","","","","","",
"Guinea","GIN","Time spent dealing with the requirements of government regulations (% of senior management time)","IC.GOV.DURS.ZS","","","","","","","","","","","","","","","","","","","","","","","","","","","","","","","","","","","","","","","","","","","","","","","2.6","","","","","","","","","","3.9","",
"Gambia, The","GMB","Time spent dealing with the requirements of government regulations (% of senior management time)","IC.GOV.DURS.ZS","","","","","","","","","","","","","","","","","","","","","","","","","","","","","","","","","","","","","","","","","","","","","","","7.3","","","","","","","","","","","",
"Guinea-Bissau","GNB","Time spent dealing with the requirements of government regulations (% of senior management time)","IC.GOV.DURS.ZS","","","","","","","","","","","","","","","","","","","","","","","","","","","","","","","","","","","","","","","","","","","","","","","2.9","","","","","","","","","","","",
"Equatorial Guinea","GNQ","Time spent dealing with the requirements of government regulations (% of senior management time)","IC.GOV.DURS.ZS","","","","","","","","","","","","","","","","","","","","","","","","","","","","","","","","","","","","","","","","","","","","","","","","","","","","","","","","","","",
"Greece","GRC","Time spent dealing with the requirements of government regulations (% of senior management time)","IC.GOV.DURS.ZS","","","","","","","","","","","","","","","","","","","","","","","","","","","","","","","","","","","","","","","","","","","","","","1.8","","","","","","","","","","","","",
"Grenada","GRD","Time spent dealing with the requirements of government regulations (% of senior management time)","IC.GOV.DURS.ZS","","","","","","","","","","","","","","","","","","","","","","","","","","","","","","","","","","","","","","","","","","","","","","","","","","","7.7","","","","","","","",
"Greenland","GRL","Time spent dealing with the requirements of government regulations (% of senior management time)","IC.GOV.DURS.ZS","","","","","","","","","","","","","","","","","","","","","","","","","","","","","","","","","","","","","","","","","","","","","","","","","","","","","","","","","","",
"Guatemala","GTM","Time spent dealing with the requirements of government regulations (% of senior management time)","IC.GOV.DURS.ZS","","","","","","","","","","","","","","","","","","","","","","","","","","","","","","","","","","","","","","","","","","","","","","","9.2","","","","10.2","","","","","","","",
"Guam","GUM","Time spent dealing with the requirements of government regulations (% of senior management time)","IC.GOV.DURS.ZS","","","","","","","","","","","","","","","","","","","","","","","","","","","","","","","","","","","","","","","","","","","","","","","","","","","","","","","","","","",
"Guyana","GUY","Time spent dealing with the requirements of government regulations (% of senior management time)","IC.GOV.DURS.ZS","","","","","","","","","","","","","","","","","","","","","","","","","","","","","","","","","","","","","","","","","","","","","","","","","","","11.5","","","","","","","",
"High income","HIC","Time spent dealing with the requirements of government regulations (% of senior management time)","IC.GOV.DURS.ZS","","","","","","","","","","","","","","","","","","","","","","","","","","","","","","","","","","","","","","","","","","","","","","","","","","","","","","","","","","11.195",
"Hong Kong SAR, China","HKG","Time spent dealing with the requirements of government regulations (% of senior management time)","IC.GOV.DURS.ZS","","","","","","","","","","","","","","","","","","","","","","","","","","","","","","","","","","","","","","","","","","","","","","","","","","","","","","","","","","",
"Honduras","HND","Time spent dealing with the requirements of government regulations (% of senior management time)","IC.GOV.DURS.ZS","","","","","","","","","","","","","","","","","","","","","","","","","","","","","","","","","","","","","","","","","","","","","","","4.5","","","","17","","","","","","9.4","",
"Heavily indebted poor countries (HIPC)","HPC","Time spent dealing with the requirements of government regulations (% of senior management time)","IC.GOV.DURS.ZS","","","","","","","","","","","","","","","","","","","","","","","","","","","","","","","","","","","","","","","","","","","","","","","","","","","","","","","","","","9.83793103448276",
"Croatia","HRV","Time spent dealing with the requirements of government regulations (% of senior management time)","IC.GOV.DURS.ZS","","","","","","","","","","","","","","","","","","","","","","","","","","","","","","","","","","","","","","","","","","","5.3","","","2","","10.9","","","","","","19.6","","","","",
"Haiti","HTI","Time spent dealing with the requirements of government regulations (% of senior management time)","IC.GOV.DURS.ZS","","","","","","","","","","","","","","","","","","","","","","","","","","","","","","","","","","","","","","","","","","","","","","","","","","","","","","","","","","",
"Hungary","HUN","Time spent dealing with the requirements of government regulations (% of senior management time)","IC.GOV.DURS.ZS","","","","","","","","","","","","","","","","","","","","","","","","","","","","","","","","","","","","","","","","","","","5","","","4","","","","13.5","","","","11.3","","","","",
"IBRD only","IBD","Time spent dealing with the requirements of government regulations (% of senior management time)","IC.GOV.DURS.ZS","","","","","","","","","","","","","","","","","","","","","","","","","","","","","","","","","","","","","","","","","","","","","","","","","","","","","","","","","","10.6",
"IDA & IBRD total","IBT","Time spent dealing with the requirements of government regulations (% of senior management time)","IC.GOV.DURS.ZS","","","","","","","","","","","","","","","","","","","","","","","","","","","","","","","","","","","","","","","","","","","","","","","","","","","","","","","","","","9.8990990990991",
"IDA total","IDA","Time spent dealing with the requirements of government regulations (% of senior management time)","IC.GOV.DURS.ZS","","","","","","","","","","","","","","","","","","","","","","","","","","","","","","","","","","","","","","","","","","","","","","","","","","","","","","","","","","9.18545454545454",
"IDA blend","IDB","Time spent dealing with the requirements of government regulations (% of senior management time)","IC.GOV.DURS.ZS","","","","","","","","","","","","","","","","","","","","","","","","","","","","","","","","","","","","","","","","","","","","","","","","","","","","","","","","","","8.33571428571429",
"Indonesia","IDN","Time spent dealing with the requirements of government regulations (% of senior management time)","IC.GOV.DURS.ZS","","","","","","","","","","","","","","","","","","","","","","","","","","","","","","","","","","","","","","","","","","","","","","","","","","1.6","","","","","","0.9","","",
"IDA only","IDX","Time spent dealing with the requirements of government regulations (% of senior management time)","IC.GOV.DURS.ZS","","","","","","","","","","","","","","","","","","","","","","","","","","","","","","","","","","","","","","","","","","","","","","","","","","","","","","","","","","9.47560975609756",
"Isle of Man","IMN","Time spent dealing with the requirements of government regulations (% of senior management time)","IC.GOV.DURS.ZS","","","","","","","","","","","","","","","","","","","","","","","","","","","","","","","","","","","","","","","","","","","","","","","","","","","","","","","","","","",
"India","IND","Time spent dealing with the requirements of government regulations (% of senior management time)","IC.GOV.DURS.ZS","","","","","","","","","","","","","","","","","","","","","","","","","","","","","","","","","","","","","","","","","","","","","","","6.7","","","","","","","","1.9","","","",
"Not classified","INX","Time spent dealing with the requirements of government regulations (% of senior management time)","IC.GOV.DURS.ZS","","","","","","","","","","","","","","","","","","","","","","","","","","","","","","","","","","","","","","","","","","","","","","","","","","","","","","","","","","",
"Ireland","IRL","Time spent dealing with the requirements of government regulations (% of senior management time)","IC.GOV.DURS.ZS","","","","","","","","","","","","","","","","","","","","","","","","","","","","","","","","","","","","","","","","","","","","","","2.3","","","","","","","","","","","","",
"Iran, Islamic Rep.","IRN","Time spent dealing with the requirements of government regulations (% of senior management time)","IC.GOV.DURS.ZS","","","","","","","","","","","","","","","","","","","","","","","","","","","","","","","","","","","","","","","","","","","","","","","","","","","","","","","","","","",
"Iraq","IRQ","Time spent dealing with the requirements of government regulations (% of senior management time)","IC.GOV.DURS.ZS","","","","","","","","","","","","","","","","","","","","","","","","","","","","","","","","","","","","","","","","","","","","","","","","","","","","6.5","","","","","","",
"Iceland","ISL","Time spent dealing with the requirements of government regulations (% of senior management time)","IC.GOV.DURS.ZS","","","","","","","","","","","","","","","","","","","","","","","","","","","","","","","","","","","","","","","","","","","","","","","","","","","","","","","","","","",
"Israel","ISR","Time spent dealing with the requirements of government regulations (% of senior management time)","IC.GOV.DURS.ZS","","","","","","","","","","","","","","","","","","","","","","","","","","","","","","","","","","","","","","","","","","","","","","","","","","","","","","4.3","","","","",
"Italy","ITA","Time spent dealing with the requirements of government regulations (% of senior management time)","IC.GOV.DURS.ZS","","","","","","","","","","","","","","","","","","","","","","","","","","","","","","","","","","","","","","","","","","","","","","","","","","","","","","","","","","",
"Jamaica","JAM","Time spent dealing with the requirements of government regulations (% of senior management time)","IC.GOV.DURS.ZS","","","","","","","","","","","","","","","","","","","","","","","","","","","","","","","","","","","","","","","","","","","","","","","","","","","1.7","","","","","","","",
"Jordan","JOR","Time spent dealing with the requirements of government regulations (% of senior management time)","IC.GOV.DURS.ZS","","","","","","","","","","","","","","","","","","","","","","","","","","","","","","","","","","","","","","","","","","","","","","","6.7","","","","","","","5.3","","","","",
"Japan","JPN","Time spent dealing with the requirements of government regulations (% of senior management time)","IC.GOV.DURS.ZS","","","","","","","","","","","","","","","","","","","","","","","","","","","","","","","","","","","","","","","","","","","","","","","","","","","","","","","","","","",
"Kazakhstan","KAZ","Time spent dealing with the requirements of government regulations (% of senior management time)","IC.GOV.DURS.ZS","","","","","","","","","","","","","","","","","","","","","","","","","","","","","","","","","","","","","","","","","","","9.4","","","3.2","","","","4.7","","","","5.5","","","","",
"Kenya","KEN","Time spent dealing with the requirements of government regulations (% of senior management time)","IC.GOV.DURS.ZS","","","","","","","","","","","","","","","","","","","","","","","","","","","","","","","","","","","","","","","","","","","","","","","","5.1","","","","","","7.2","","","","",
"Kyrgyz Republic","KGZ","Time spent dealing with the requirements of government regulations (% of senior management time)","IC.GOV.DURS.ZS","","","","","","","","","","","","","","","","","","","","","","","","","","","","","","","","","","","","","","","","","","","5.1","6.6","","5.1","","","","4.9","","","","12","","","","",
"Cambodia","KHM","Time spent dealing with the requirements of government regulations (% of senior management time)","IC.GOV.DURS.ZS","","","","","","","","","","","","","","","","","","","","","","","","","","","","","","","","","","","","","","","","","","","","","","","","5.6","","","","","","1.3","","","16.4","",
"Kiribati","KIR","Time spent dealing with the requirements of government regulations (% of senior management time)","IC.GOV.DURS.ZS","","","","","","","","","","","","","","","","","","","","","","","","","","","","","","","","","","","","","","","","","","","","","","","","","","","","","","","","","","",
"St. Kitts and Nevis","KNA","Time spent dealing with the requirements of government regulations (% of senior management time)","IC.GOV.DURS.ZS","","","","","","","","","","","","","","","","","","","","","","","","","","","","","","","","","","","","","","","","","","","","","","","","","","","10.6","","","","","","","",
"Korea, Rep.","KOR","Time spent dealing with the requirements of government regulations (% of senior management time)","IC.GOV.DURS.ZS","","","","","","","","","","","","","","","","","","","","","","","","","","","","","","","","","","","","","","","","","","","","","","0.1","","","","","","","","","","","","",
"Kuwait","KWT","Time spent dealing with the requirements of government regulations (% of senior management time)","IC.GOV.DURS.ZS","","","","","","","","","","","","","","","","","","","","","","","","","","","","","","","","","","","","","","","","","","","","","","","","","","","","","","","","","","",
"Latin America & Caribbean (excluding high income)","LAC","Time spent dealing with the requirements of government regulations (% of senior management time)","IC.GOV.DURS.ZS","","","","","","","","","","","","","","","","","","","","","","","","","","","","","","","","","","","","","","","","","","","","","","","","","","","","","","","","","","9.66190476190476",
"Lao PDR","LAO","Time spent dealing with the requirements of government regulations (% of senior management time)","IC.GOV.DURS.ZS","","","","","","","","","","","","","","","","","","","","","","","","","","","","","","","","","","","","","","","","","","","","","","","","","","1.2","","","5.8","","","","1.2","",
"Lebanon","LBN","Time spent dealing with the requirements of government regulations (% of senior management time)","IC.GOV.DURS.ZS","","","","","","","","","","","","","","","","","","","","","","","","","","","","","","","","","","","","","","","","","","","","","","","","","","8.9","","","","4.1","","","","",
"Liberia","LBR","Time spent dealing with the requirements of government regulations (% of senior management time)","IC.GOV.DURS.ZS","","","","","","","","","","","","","","","","","","","","","","","","","","","","","","","","","","","","","","","","","","","","","","","","","","7.5","","","","","","","","5.4",
"Libya","LBY","Time spent dealing with the requirements of government regulations (% of senior management time)","IC.GOV.DURS.ZS","","","","","","","","","","","","","","","","","","","","","","","","","","","","","","","","","","","","","","","","","","","","","","","","","","","","","","","","","","",
"St. Lucia","LCA","Time spent dealing with the requirements of government regulations (% of senior management time)","IC.GOV.DURS.ZS","","","","","","","","","","","","","","","","","","","","","","","","","","","","","","","","","","","","","","","","","","","","","","","","","","","2.2","","","","","","","",
"Latin America & Caribbean","LCN","Time spent dealing with the requirements of government regulations (% of senior management time)","IC.GOV.DURS.ZS","","","","","","","","","","","","","","","","","","","","","","","","","","","","","","","","","","","","","","","","","","","","","","","","","","","","","","","","","","10.5666666666667",
"Least developed countries: UN classification","LDC","Time spent dealing with the requirements of government regulations (% of senior management time)","IC.GOV.DURS.ZS","","","","","","","","","","","","","","","","","","","","","","","","","","","","","","","","","","","","","","","","","","","","","","","","","","","","","","","","","","8.80857142857143",
"Low income","LIC","Time spent dealing with the requirements of government regulations (% of senior management time)","IC.GOV.DURS.ZS","","","","","","","","","","","","","","","","","","","","","","","","","","","","","","","","","","","","","","","","","","","","","","","","","","","","","","","","","","9.05833333333333",
"Liechtenstein","LIE","Time spent dealing with the requirements of government regulations (% of senior management time)","IC.GOV.DURS.ZS","","","","","","","","","","","","","","","","","","","","","","","","","","","","","","","","","","","","","","","","","","","","","","","","","","","","","","","","","","",
"Sri Lanka","LKA","Time spent dealing with the requirements of government regulations (% of senior management time)","IC.GOV.DURS.ZS","","","","","","","","","","","","","","","","","","","","","","","","","","","","","","","","","","","","","","","","","","","","","","","","","","","","1.7","","","","","","",
"Lower middle income","LMC","Time spent dealing with the requirements of government regulations (% of senior management time)","IC.GOV.DURS.ZS","","","","","","","","","","","","","","","","","","","","","","","","","","","","","","","","","","","","","","","","","","","","","","","","","","","","","","","","","","9.63170731707317",
"Low & middle income","LMY","Time spent dealing with the requirements of government regulations (% of senior management time)","IC.GOV.DURS.ZS","","","","","","","","","","","","","","","","","","","","","","","","","","","","","","","","","","","","","","","","","","","","","","","","","","","","","","","","","","9.30097087378641",
"Lesotho","LSO","Time spent dealing with the requirements of government regulations (% of senior management time)","IC.GOV.DURS.ZS","","","","","","","","","","","","","","","","","","","","","","","","","","","","","","","","","","","","","","","","","","","","","","","","","","5.6","","","","","","","2.7","",
"Late-demographic dividend","LTE","Time spent dealing with the requirements of government regulations (% of senior management time)","IC.GOV.DURS.ZS","","","","","","","","","","","","","","","","","","","","","","","","","","","","","","","","","","","","","","","","","","","","","","","","","","","","","","","","","","9.05142857142857",
"Lithuania","LTU","Time spent dealing with the requirements of government regulations (% of senior management time)","IC.GOV.DURS.ZS","","","","","","","","","","","","","","","","","","","","","","","","","","","","","","","","","","","","","","","","","","","5.4","","25.9","4.6","","","","9.3","","","","6","","","","",
"Luxembourg","LUX","Time spent dealing with the requirements of government regulations (% of senior management time)","IC.GOV.DURS.ZS","","","","","","","","","","","","","","","","","","","","","","","","","","","","","","","","","","","","","","","","","","","","","","","","","","","","","","","","","","",
"Latvia","LVA","Time spent dealing with the requirements of government regulations (% of senior management time)","IC.GOV.DURS.ZS","","","","","","","","","","","","","","","","","","","","","","","","","","","","","","","","","","","","","","","","","","","5.8","","","3.2","","","","9.7","","","","5.2","","","","",
"Macao SAR, China","MAC","Time spent dealing with the requirements of government regulations (% of senior management time)","IC.GOV.DURS.ZS","","","","","","","","","","","","","","","","","","","","","","","","","","","","","","","","","","","","","","","","","","","","","","","","","","","","","","","","","","",
"St. Martin (French part)","MAF","Time spent dealing with the requirements of government regulations (% of senior management time)","IC.GOV.DURS.ZS","","","","","","","","","","","","","","","","","","","","","","","","","","","","","","","","","","","","","","","","","","","","","","","","","","","","","","","","","","",
"Morocco","MAR","Time spent dealing with the requirements of government regulations (% of senior management time)","IC.GOV.DURS.ZS","","","","","","","","","","","","","","","","","","","","","","","","","","","","","","","","","","","","","","","","","","","","","","","","11.4","","","","","","4.6","","","","",
"Monaco","MCO","Time spent dealing with the requirements of government regulations (% of senior management time)","IC.GOV.DURS.ZS","","","","","","","","","","","","","","","","","","","","","","","","","","","","","","","","","","","","","","","","","","","","","","","","","","","","","","","","","","",
"Moldova","MDA","Time spent dealing with the requirements of government regulations (% of senior management time)","IC.GOV.DURS.ZS","","","","","","","","","","","","","","","","","","","","","","","","","","","","","","","","","","","","","","","","","","","6.5","2.5","","3.7","","","","7","","","","6.8","","","","",
"Madagascar","MDG","Time spent dealing with the requirements of government regulations (% of senior management time)","IC.GOV.DURS.ZS","","","","","","","","","","","","","","","","","","","","","","","","","","","","","","","","","","","","","","","","","","","","","","","","","","17.1","","","","20.8","","","","",
"Maldives","MDV","Time spent dealing with the requirements of government regulations (% of senior management time)","IC.GOV.DURS.ZS","","","","","","","","","","","","","","","","","","","","","","","","","","","","","","","","","","","","","","","","","","","","","","","","","","","","","","","","","","",
"Middle East & North Africa","MEA","Time spent dealing with the requirements of government regulations (% of senior management time)","IC.GOV.DURS.ZS","","","","","","","","","","","","","","","","","","","","","","","","","","","","","","","","","","","","","","","","","","","","","","","","","","","","","","","","","","8.99",
"Mexico","MEX","Time spent dealing with the requirements of government regulations (% of senior management time)","IC.GOV.DURS.ZS","","","","","","","","","","","","","","","","","","","","","","","","","","","","","","","","","","","","","","","","","","","","","","","20.5","","","","13.6","","","","","","","",
"Marshall Islands","MHL","Time spent dealing with the requirements of government regulations (% of senior management time)","IC.GOV.DURS.ZS","","","","","","","","","","","","","","","","","","","","","","","","","","","","","","","","","","","","","","","","","","","","","","","","","","","","","","","","","","",
"Middle income","MIC","Time spent dealing with the requirements of government regulations (% of senior management time)","IC.GOV.DURS.ZS","","","","","","","","","","","","","","","","","","","","","","","","","","","","","","","","","","","","","","","","","","","","","","","","","","","","","","","","","","9.3746835443038",
"Macedonia, FYR","MKD","Time spent dealing with the requirements of government regulations (% of senior management time)","IC.GOV.DURS.ZS","","","","","","","","","","","","","","","","","","","","","","","","","","","","","","","","","","","","","","","","","","","7.7","","","9.7","","","","14.5","","","","10.3","","","","",
"Mali","MLI","Time spent dealing with the requirements of government regulations (% of senior management time)","IC.GOV.DURS.ZS","","","","","","","","","","","","","","","","","","","","","","","","","","","","","","","","","","","","","","","","","","","","","","","","2.4","","","2","","","","","","27.5","",
"Malta","MLT","Time spent dealing with the requirements of government regulations (% of senior management time)","IC.GOV.DURS.ZS","","","","","","","","","","","","","","","","","","","","","","","","","","","","","","","","","","","","","","","","","","","","","","","","","","","","","","","","","","",
"Myanmar","MMR","Time spent dealing with the requirements of government regulations (% of senior management time)","IC.GOV.DURS.ZS","","","","","","","","","","","","","","","","","","","","","","","","","","","","","","","","","","","","","","","","","","","","","","","","","","","","","","","2","","0.8","",
"Middle East & North Africa (excluding high income)","MNA","Time spent dealing with the requirements of government regulations (% of senior management time)","IC.GOV.DURS.ZS","","","","","","","","","","","","","","","","","","","","","","","","","","","","","","","","","","","","","","","","","","","","","","","","","","","","","","","","","","9.51111111111111",
"Montenegro","MNE","Time spent dealing with the requirements of government regulations (% of senior management time)","IC.GOV.DURS.ZS","","","","","","","","","","","","","","","","","","","","","","","","","","","","","","","","","","","","","","","","","","","","","","","","","","6.8","","","","9.6","","","","",
"Mongolia","MNG","Time spent dealing with the requirements of government regulations (% of senior management time)","IC.GOV.DURS.ZS","","","","","","","","","","","","","","","","","","","","","","","","","","","","","","","","","","","","","","","","","","","","","","","","","","12.1","","","","19.4","","","","",
"Northern Mariana Islands","MNP","Time spent dealing with the requirements of government regulations (% of senior management time)","IC.GOV.DURS.ZS","","","","","","","","","","","","","","","","","","","","","","","","","","","","","","","","","","","","","","","","","","","","","","","","","","","","","","","","","","",
"Mozambique","MOZ","Time spent dealing with the requirements of government regulations (% of senior management time)","IC.GOV.DURS.ZS","","","","","","","","","","","","","","","","","","","","","","","","","","","","","","","","","","","","","","","","","","","","","","","","3.3","","","","","","","","","","",
"Mauritania","MRT","Time spent dealing with the requirements of government regulations (% of senior management time)","IC.GOV.DURS.ZS","","","","","","","","","","","","","","","","","","","","","","","","","","","","","","","","","","","","","","","","","","","","","","","5.8","","","","","","","","17.2","","","",
"Mauritius","MUS","Time spent dealing with the requirements of government regulations (% of senior management time)","IC.GOV.DURS.ZS","","","","","","","","","","","","","","","","","","","","","","","","","","","","","","","","","","","","","","","","","","","","","","","","","","9.4","","","","","","","","",
"Malawi","MWI","Time spent dealing with the requirements of government regulations (% of senior management time)","IC.GOV.DURS.ZS","","","","","","","","","","","","","","","","","","","","","","","","","","","","","","","","","","","","","","","","","","","","","","","","","","3.5","","","","","5","","","",
"Malaysia","MYS","Time spent dealing with the requirements of government regulations (% of senior management time)","IC.GOV.DURS.ZS","","","","","","","","","","","","","","","","","","","","","","","","","","","","","","","","","","","","","","","","","","","","","","","","7.8","","","","","","","","3.1","","",
"North America","NAC","Time spent dealing with the requirements of government regulations (% of senior management time)","IC.GOV.DURS.ZS","","","","","","","","","","","","","","","","","","","","","","","","","","","","","","","","","","","","","","","","","","","","","","","","","","","","","","","","","","",
"Namibia","NAM","Time spent dealing with the requirements of government regulations (% of senior management time)","IC.GOV.DURS.ZS","","","","","","","","","","","","","","","","","","","","","","","","","","","","","","","","","","","","","","","","","","","","","","","2.9","","","","","","","","3.1","","","",
"New Caledonia","NCL","Time spent dealing with the requirements of government regulations (% of senior management time)","IC.GOV.DURS.ZS","","","","","","","","","","","","","","","","","","","","","","","","","","","","","","","","","","","","","","","","","","","","","","","","","","","","","","","","","","",
"Niger","NER","Time spent dealing with the requirements of government regulations (% of senior management time)","IC.GOV.DURS.ZS","","","","","","","","","","","","","","","","","","","","","","","","","","","","","","","","","","","","","","","","","","","","","","","11.5","","","22.9","","","","","","","","11.4",
"Nigeria","NGA","Time spent dealing with the requirements of government regulations (% of senior management time)","IC.GOV.DURS.ZS","","","","","","","","","","","","","","","","","","","","","","","","","","","","","","","","","","","","","","","","","","","","","","","","6.1","","","","","","","7.5","","","",
"Nicaragua","NIC","Time spent dealing with the requirements of government regulations (% of senior management time)","IC.GOV.DURS.ZS","","","","","","","","","","","","","","","","","","","","","","","","","","","","","","","","","","","","","","","","","","","","","","","9.3","","","","20.2","","","","","","11.1","",
"Netherlands","NLD","Time spent dealing with the requirements of government regulations (% of senior management time)","IC.GOV.DURS.ZS","","","","","","","","","","","","","","","","","","","","","","","","","","","","","","","","","","","","","","","","","","","","","","","","","","","","","","","","","","",
"Norway","NOR","Time spent dealing with the requirements of government regulations (% of senior management time)","IC.GOV.DURS.ZS","","","","","","","","","","","","","","","","","","","","","","","","","","","","","","","","","","","","","","","","","","","","","","","","","","","","","","","","","","",
"Nepal","NPL","Time spent dealing with the requirements of government regulations (% of senior management time)","IC.GOV.DURS.ZS","","","","","","","","","","","","","","","","","","","","","","","","","","","","","","","","","","","","","","","","","","","","","","","","","","6.5","","","","1.4","","","","",
"Nauru","NRU","Time spent dealing with the requirements of government regulations (% of senior management time)","IC.GOV.DURS.ZS","","","","","","","","","","","","","","","","","","","","","","","","","","","","","","","","","","","","","","","","","","","","","","","","","","","","","","","","","","",
"New Zealand","NZL","Time spent dealing with the requirements of government regulations (% of senior management time)","IC.GOV.DURS.ZS","","","","","","","","","","","","","","","","","","","","","","","","","","","","","","","","","","","","","","","","","","","","","","","","","","","","","","","","","","",
"OECD members","OED","Time spent dealing with the requirements of government regulations (% of senior management time)","IC.GOV.DURS.ZS","","","","","","","","","","","","","","","","","","","","","","","","","","","","","","","","","","","","","","","","","","","","","","","","","","","","","","","","","","10.5583333333333",
"Oman","OMN","Time spent dealing with the requirements of government regulations (% of senior management time)","IC.GOV.DURS.ZS","","","","","","","","","","","","","","","","","","","","","","","","","","","","","","","","","","","","","","","","","","","","","","","","","","","","","","","","","","",
"Other small states","OSS","Time spent dealing with the requirements of government regulations (% of senior management time)","IC.GOV.DURS.ZS","","","","","","","","","","","","","","","","","","","","","","","","","","","","","","","","","","","","","","","","","","","","","","","","","","","","","","","","","","8.25555555555555",
"Pakistan","PAK","Time spent dealing with the requirements of government regulations (% of senior management time)","IC.GOV.DURS.ZS","","","","","","","","","","","","","","","","","","","","","","","","","","","","","","","","","","","","","","","","","","","","","","","","1.9","","","","","","3.5","","","","",
"Panama","PAN","Time spent dealing with the requirements of government regulations (% of senior management time)","IC.GOV.DURS.ZS","","","","","","","","","","","","","","","","","","","","","","","","","","","","","","","","","","","","","","","","","","","","","","","10.3","","","","33.3","","","","","","","",
"Peru","PER","Time spent dealing with the requirements of government regulations (% of senior management time)","IC.GOV.DURS.ZS","","","","","","","","","","","","","","","","","","","","","","","","","","","","","","","","","","","","","","","","","","","","","","","13.5","","","","14.1","","","","","","","11.8",
"Philippines","PHL","Time spent dealing with the requirements of government regulations (% of senior management time)","IC.GOV.DURS.ZS","","","","","","","","","","","","","","","","","","","","","","","","","","","","","","","","","","","","","","","","","","","","","","","","","","9.1","","","","","","5.4","","",
"Palau","PLW","Time spent dealing with the requirements of government regulations (% of senior management time)","IC.GOV.DURS.ZS","","","","","","","","","","","","","","","","","","","","","","","","","","","","","","","","","","","","","","","","","","","","","","","","","","","","","","","","","","",
"Papua New Guinea","PNG","Time spent dealing with the requirements of government regulations (% of senior management time)","IC.GOV.DURS.ZS","","","","","","","","","","","","","","","","","","","","","","","","","","","","","","","","","","","","","","","","","","","","","","","","","","","","","","","","8.8","","",
"Poland","POL","Time spent dealing with the requirements of government regulations (% of senior management time)","IC.GOV.DURS.ZS","","","","","","","","","","","","","","","","","","","","","","","","","","","","","","","","","","","","","","","","","","","7.9","8.5","","2.9","","","","12.8","","","","19.7","","","","",
"Pre-demographic dividend","PRE","Time spent dealing with the requirements of government regulations (% of senior management time)","IC.GOV.DURS.ZS","","","","","","","","","","","","","","","","","","","","","","","","","","","","","","","","","","","","","","","","","","","","","","","","","","","","","","","","","","9.80357142857143",
"Puerto Rico","PRI","Time spent dealing with the requirements of government regulations (% of senior management time)","IC.GOV.DURS.ZS","","","","","","","","","","","","","","","","","","","","","","","","","","","","","","","","","","","","","","","","","","","","","","","","","","","","","","","","","","",
"Korea, Dem. People’s Rep.","PRK","Time spent dealing with the requirements of government regulations (% of senior management time)","IC.GOV.DURS.ZS","","","","","","","","","","","","","","","","","","","","","","","","","","","","","","","","","","","","","","","","","","","","","","","","","","","","","","","","","","",
"Portugal","PRT","Time spent dealing with the requirements of government regulations (% of senior management time)","IC.GOV.DURS.ZS","","","","","","","","","","","","","","","","","","","","","","","","","","","","","","","","","","","","","","","","","","","","","","1.1","","","","","","","","","","","","",
"Paraguay","PRY","Time spent dealing with the requirements of government regulations (% of senior management time)","IC.GOV.DURS.ZS","","","","","","","","","","","","","","","","","","","","","","","","","","","","","","","","","","","","","","","","","","","","","","","7.9","","","","20.6","","","","","","","8.9",
"West Bank and Gaza","PSE","Time spent dealing with the requirements of government regulations (% of senior management time)","IC.GOV.DURS.ZS","","","","","","","","","","","","","","","","","","","","","","","","","","","","","","","","","","","","","","","","","","","","","","","5.7","","","","","","","4.4","","","","",
"Pacific island small states","PSS","Time spent dealing with the requirements of government regulations (% of senior management time)","IC.GOV.DURS.ZS","","","","","","","","","","","","","","","","","","","","","","","","","","","","","","","","","","","","","","","","","","","","","","","","","","","","","","","","","","9.2",
"Post-demographic dividend","PST","Time spent dealing with the requirements of government regulations (% of senior management time)","IC.GOV.DURS.ZS","","","","","","","","","","","","","","","","","","","","","","","","","","","","","","","","","","","","","","","","","","","","","","","","","","","","","","","","","","11.5416666666667",
"French Polynesia","PYF","Time spent dealing with the requirements of government regulations (% of senior management time)","IC.GOV.DURS.ZS","","","","","","","","","","","","","","","","","","","","","","","","","","","","","","","","","","","","","","","","","","","","","","","","","","","","","","","","","","",
"Qatar","QAT","Time spent dealing with the requirements of government regulations (% of senior management time)","IC.GOV.DURS.ZS","","","","","","","","","","","","","","","","","","","","","","","","","","","","","","","","","","","","","","","","","","","","","","","","","","","","","","","","","","",
"Romania","ROU","Time spent dealing with the requirements of government regulations (% of senior management time)","IC.GOV.DURS.ZS","","","","","","","","","","","","","","","","","","","","","","","","","","","","","","","","","","","","","","","","","","","8.5","","","1.1","","","","9.2","","","","15.8","","","","",
"Russian Federation","RUS","Time spent dealing with the requirements of government regulations (% of senior management time)","IC.GOV.DURS.ZS","","","","","","","","","","","","","","","","","","","","","","","","","","","","","","","","","","","","","","","","","","","7.8","","","5.2","","","","19.9","","","14.7","","","","","",
"Rwanda","RWA","Time spent dealing with the requirements of government regulations (% of senior management time)","IC.GOV.DURS.ZS","","","","","","","","","","","","","","","","","","","","","","","","","","","","","","","","","","","","","","","","","","","","","","","5.9","","","","","5.2","","","","","","",
"South Asia","SAS","Time spent dealing with the requirements of government regulations (% of senior management time)","IC.GOV.DURS.ZS","","","","","","","","","","","","","","","","","","","","","","","","","","","","","","","","","","","","","","","","","","","","","","","","","","","","","","","","","","7.2",
"Saudi Arabia","SAU","Time spent dealing with the requirements of government regulations (% of senior management time)","IC.GOV.DURS.ZS","","","","","","","","","","","","","","","","","","","","","","","","","","","","","","","","","","","","","","","","","","","","","","","","","","","","","","","","","","",
"Sudan","SDN","Time spent dealing with the requirements of government regulations (% of senior management time)","IC.GOV.DURS.ZS","","","","","","","","","","","","","","","","","","","","","","","","","","","","","","","","","","","","","","","","","","","","","","","","","","","","","","","4.1","","","",
"Senegal","SEN","Time spent dealing with the requirements of government regulations (% of senior management time)","IC.GOV.DURS.ZS","","","","","","","","","","","","","","","","","","","","","","","","","","","","","","","","","","","","","","","","","","","","","","","","2.9","","","","","","","3","","","",
"Singapore","SGP","Time spent dealing with the requirements of government regulations (% of senior management time)","IC.GOV.DURS.ZS","","","","","","","","","","","","","","","","","","","","","","","","","","","","","","","","","","","","","","","","","","","","","","","","","","","","","","","","","","",
"Solomon Islands","SLB","Time spent dealing with the requirements of government regulations (% of senior management time)","IC.GOV.DURS.ZS","","","","","","","","","","","","","","","","","","","","","","","","","","","","","","","","","","","","","","","","","","","","","","","","","","","","","","","","9.2","","",
"Sierra Leone","SLE","Time spent dealing with the requirements of government regulations (% of senior management time)","IC.GOV.DURS.ZS","","","","","","","","","","","","","","","","","","","","","","","","","","","","","","","","","","","","","","","","","","","","","","","","","","7.4","","","","","","","","13.1",
"El Salvador","SLV","Time spent dealing with the requirements of government regulations (% of senior management time)","IC.GOV.DURS.ZS","","","","","","","","","","","","","","","","","","","","","","","","","","","","","","","","","","","","","","","","","","","","","","","9.2","","","","19.6","","","","","","11.2","",
"San Marino","SMR","Time spent dealing with the requirements of government regulations (% of senior management time)","IC.GOV.DURS.ZS","","","","","","","","","","","","","","","","","","","","","","","","","","","","","","","","","","","","","","","","","","","","","","","","","","","","","","","","","","",
"Somalia","SOM","Time spent dealing with the requirements of government regulations (% of senior management time)","IC.GOV.DURS.ZS","","","","","","","","","","","","","","","","","","","","","","","","","","","","","","","","","","","","","","","","","","","","","","","","","","","","","","","","","","",
"Serbia","SRB","Time spent dealing with the requirements of government regulations (% of senior management time)","IC.GOV.DURS.ZS","","","","","","","","","","","","","","","","","","","","","","","","","","","","","","","","","","","","","","","","","","","10.8","","","6.9","","","","12.2","","","","13.2","","","","",
"Sub-Saharan Africa (excluding high income)","SSA","Time spent dealing with the requirements of government regulations (% of senior management time)","IC.GOV.DURS.ZS","","","","","","","","","","","","","","","","","","","","","","","","","","","","","","","","","","","","","","","","","","","","","","","","","","","","","","","","","","8.92424242424242",
"South Sudan","SSD","Time spent dealing with the requirements of government regulations (% of senior management time)","IC.GOV.DURS.ZS","","","","","","","","","","","","","","","","","","","","","","","","","","","","","","","","","","","","","","","","","","","","","","","","","","","","","","","18","","","",
"Sub-Saharan Africa","SSF","Time spent dealing with the requirements of government regulations (% of senior management time)","IC.GOV.DURS.ZS","","","","","","","","","","","","","","","","","","","","","","","","","","","","","","","","","","","","","","","","","","","","","","","","","","","","","","","","","","8.92424242424242",
"Small states","SST","Time spent dealing with the requirements of government regulations (% of senior management time)","IC.GOV.DURS.ZS","","","","","","","","","","","","","","","","","","","","","","","","","","","","","","","","","","","","","","","","","","","","","","","","","","","","","","","","","","6.72608695652174",
"Sao Tome and Principe","STP","Time spent dealing with the requirements of government regulations (% of senior management time)","IC.GOV.DURS.ZS","","","","","","","","","","","","","","","","","","","","","","","","","","","","","","","","","","","","","","","","","","","","","","","","","","","","","","","","","","",
"Suriname","SUR","Time spent dealing with the requirements of government regulations (% of senior management time)","IC.GOV.DURS.ZS","","","","","","","","","","","","","","","","","","","","","","","","","","","","","","","","","","","","","","","","","","","","","","","","","","","6.4","","","","","","","",
"Slovak Republic","SVK","Time spent dealing with the requirements of government regulations (% of senior management time)","IC.GOV.DURS.ZS","","","","","","","","","","","","","","","","","","","","","","","","","","","","","","","","","","","","","","","","","","","6.3","","","2.5","","","","6.7","","","","8.2","","","","",
"Slovenia","SVN","Time spent dealing with the requirements of government regulations (% of senior management time)","IC.GOV.DURS.ZS","","","","","","","","","","","","","","","","","","","","","","","","","","","","","","","","","","","","","","","","","","","3.8","","","2.4","","","","7.3","","","","10.1","","","","",
"Sweden","SWE","Time spent dealing with the requirements of government regulations (% of senior management time)","IC.GOV.DURS.ZS","","","","","","","","","","","","","","","","","","","","","","","","","","","","","","","","","","","","","","","","","","","","","","","","","","","","","","","4.9","","","",
"Eswatini","SWZ","Time spent dealing with the requirements of government regulations (% of senior management time)","IC.GOV.DURS.ZS","","","","","","","","","","","","","","","","","","","","","","","","","","","","","","","","","","","","","","","","","","","","","","","4.4","","","","","","","","","","2","",
"Sint Maarten (Dutch part)","SXM","Time spent dealing with the requirements of government regulations (% of senior management time)","IC.GOV.DURS.ZS","","","","","","","","","","","","","","","","","","","","","","","","","","","","","","","","","","","","","","","","","","","","","","","","","","","","","","","","","","",
"Seychelles","SYC","Time spent dealing with the requirements of government regulations (% of senior management time)","IC.GOV.DURS.ZS","","","","","","","","","","","","","","","","","","","","","","","","","","","","","","","","","","","","","","","","","","","","","","","","","","","","","","","","","","",
"Syrian Arab Republic","SYR","Time spent dealing with the requirements of government regulations (% of senior management time)","IC.GOV.DURS.ZS","","","","","","","","","","","","","","","","","","","","","","","","","","","","","","","","","","","","","","","","","","","","","","","","","","12.2","","","","","","","","",
"Turks and Caicos Islands","TCA","Time spent dealing with the requirements of government regulations (% of senior management time)","IC.GOV.DURS.ZS","","","","","","","","","","","","","","","","","","","","","","","","","","","","","","","","","","","","","","","","","","","","","","","","","","","","","","","","","","",
"Chad","TCD","Time spent dealing with the requirements of government regulations (% of senior management time)","IC.GOV.DURS.ZS","","","","","","","","","","","","","","","","","","","","","","","","","","","","","","","","","","","","","","","","","","","","","","","","","","20.8","","","","","","","","",
"East Asia & Pacific (IDA & IBRD countries)","TEA","Time spent dealing with the requirements of government regulations (% of senior management time)","IC.GOV.DURS.ZS","","","","","","","","","","","","","","","","","","","","","","","","","","","","","","","","","","","","","","","","","","","","","","","","","","","","","","","","","","6.04615384615385",
"Europe & Central Asia (IDA & IBRD countries)","TEC","Time spent dealing with the requirements of government regulations (% of senior management time)","IC.GOV.DURS.ZS","","","","","","","","","","","","","","","","","","","","","","","","","","","","","","","","","","","","","","","","","","","","","","","","","","","","","","","","","","12.9681818181818",
"Togo","TGO","Time spent dealing with the requirements of government regulations (% of senior management time)","IC.GOV.DURS.ZS","","","","","","","","","","","","","","","","","","","","","","","","","","","","","","","","","","","","","","","","","","","","","","","","","","2.7","","","","","","","10.3","",
"Thailand","THA","Time spent dealing with the requirements of government regulations (% of senior management time)","IC.GOV.DURS.ZS","","","","","","","","","","","","","","","","","","","","","","","","","","","","","","","","","","","","","","","","","","","","","","","0.4","","","","","","","","","","4.8","",
"Tajikistan","TJK","Time spent dealing with the requirements of government regulations (% of senior management time)","IC.GOV.DURS.ZS","","","","","","","","","","","","","","","","","","","","","","","","","","","","","","","","","","","","","","","","","","","5.8","1.5","","4.2","","","11.7","","","","","21.9","","","","",
"Turkmenistan","TKM","Time spent dealing with the requirements of government regulations (% of senior management time)","IC.GOV.DURS.ZS","","","","","","","","","","","","","","","","","","","","","","","","","","","","","","","","","","","","","","","","","","","","","","","","","","","","","","","","","","",
"Latin America & the Caribbean (IDA & IBRD countries)","TLA","Time spent dealing with the requirements of government regulations (% of senior management time)","IC.GOV.DURS.ZS","","","","","","","","","","","","","","","","","","","","","","","","","","","","","","","","","","","","","","","","","","","","","","","","","","","","","","","","","","11.0285714285714",
"Timor-Leste","TLS","Time spent dealing with the requirements of government regulations (% of senior management time)","IC.GOV.DURS.ZS","","","","","","","","","","","","","","","","","","","","","","","","","","","","","","","","","","","","","","","","","","","","","","","","","","3.7","","","","","","6","","",
"Middle East & North Africa (IDA & IBRD countries)","TMN","Time spent dealing with the requirements of government regulations (% of senior management time)","IC.GOV.DURS.ZS","","","","","","","","","","","","","","","","","","","","","","","","","","","","","","","","","","","","","","","","","","","","","","","","","","","","","","","","","","10.15",
"Tonga","TON","Time spent dealing with the requirements of government regulations (% of senior management time)","IC.GOV.DURS.ZS","","","","","","","","","","","","","","","","","","","","","","","","","","","","","","","","","","","","","","","","","","","","","","","","","","6.6","","","","","","","","",
"South Asia (IDA & IBRD)","TSA","Time spent dealing with the requirements of government regulations (% of senior management time)","IC.GOV.DURS.ZS","","","","","","","","","","","","","","","","","","","","","","","","","","","","","","","","","","","","","","","","","","","","","","","","","","","","","","","","","","7.2",
"Sub-Saharan Africa (IDA & IBRD countries)","TSS","Time spent dealing with the requirements of government regulations (% of senior management time)","IC.GOV.DURS.ZS","","","","","","","","","","","","","","","","","","","","","","","","","","","","","","","","","","","","","","","","","","","","","","","","","","","","","","","","","","8.92424242424242",
"Trinidad and Tobago","TTO","Time spent dealing with the requirements of government regulations (% of senior management time)","IC.GOV.DURS.ZS","","","","","","","","","","","","","","","","","","","","","","","","","","","","","","","","","","","","","","","","","","","","","","","","","","","7.9","","","","","","","",
"Tunisia","TUN","Time spent dealing with the requirements of government regulations (% of senior management time)","IC.GOV.DURS.ZS","","","","","","","","","","","","","","","","","","","","","","","","","","","","","","","","","","","","","","","","","","","","","","","","","","","","","","46.5","","","","",
"Turkey","TUR","Time spent dealing with the requirements of government regulations (% of senior management time)","IC.GOV.DURS.ZS","","","","","","","","","","","","","","","","","","","","","","","","","","","","","","","","","","","","","","","","","","","3.4","","10.7","6.3","","","27.1","","","","","19","","","","",
"Tuvalu","TUV","Time spent dealing with the requirements of government regulations (% of senior management time)","IC.GOV.DURS.ZS","","","","","","","","","","","","","","","","","","","","","","","","","","","","","","","","","","","","","","","","","","","","","","","","","","","","","","","","","","",
"Tanzania","TZA","Time spent dealing with the requirements of government regulations (% of senior management time)","IC.GOV.DURS.ZS","","","","","","","","","","","","","","","","","","","","","","","","","","","","","","","","","","","","","","","","","","","","","","","4","","","","","","","2","","","","",
"Uganda","UGA","Time spent dealing with the requirements of government regulations (% of senior management time)","IC.GOV.DURS.ZS","","","","","","","","","","","","","","","","","","","","","","","","","","","","","","","","","","","","","","","","","","","","","","","5.2","","","","","","","6.5","","","","",
"Ukraine","UKR","Time spent dealing with the requirements of government regulations (% of senior management time)","IC.GOV.DURS.ZS","","","","","","","","","","","","","","","","","","","","","","","","","","","","","","","","","","","","","","","","","","","10.4","","","8","","","11.3","","","","","19.6","","","","",
"Upper middle income","UMC","Time spent dealing with the requirements of government regulations (% of senior management time)","IC.GOV.DURS.ZS","","","","","","","","","","","","","","","","","","","","","","","","","","","","","","","","","","","","","","","","","","","","","","","","","","","","","","","","","","9.09736842105263",
"Uruguay","URY","Time spent dealing with the requirements of government regulations (% of senior management time)","IC.GOV.DURS.ZS","","","","","","","","","","","","","","","","","","","","","","","","","","","","","","","","","","","","","","","","","","","","","","","7","","","","11.6","","","","","","","19.2",
"United States","USA","Time spent dealing with the requirements of government regulations (% of senior management time)","IC.GOV.DURS.ZS","","","","","","","","","","","","","","","","","","","","","","","","","","","","","","","","","","","","","","","","","","","","","","","","","","","","","","","","","","",
"Uzbekistan","UZB","Time spent dealing with the requirements of government regulations (% of senior management time)","IC.GOV.DURS.ZS","","","","","","","","","","","","","","","","","","","","","","","","","","","","","","","","","","","","","","","","","","","5.4","7.9","","2.5","","","11.1","","","","","19.9","","","","",
"St. Vincent and the Grenadines","VCT","Time spent dealing with the requirements of government regulations (% of senior management time)","IC.GOV.DURS.ZS","","","","","","","","","","","","","","","","","","","","","","","","","","","","","","","","","","","","","","","","","","","","","","","","","","","4.7","","","","","","","",
"Venezuela, RB","VEN","Time spent dealing with the requirements of government regulations (% of senior management time)","IC.GOV.DURS.ZS","","","","","","","","","","","","","","","","","","","","","","","","","","","","","","","","","","","","","","","","","","","","","","","33.6","","","","27.6","","","","","","","",
"British Virgin Islands","VGB","Time spent dealing with the requirements of government regulations (% of senior management time)","IC.GOV.DURS.ZS","","","","","","","","","","","","","","","","","","","","","","","","","","","","","","","","","","","","","","","","","","","","","","","","","","","","","","","","","","",
"Virgin Islands (U.S.)","VIR","Time spent dealing with the requirements of government regulations (% of senior management time)","IC.GOV.DURS.ZS","","","","","","","","","","","","","","","","","","","","","","","","","","","","","","","","","","","","","","","","","","","","","","","","","","","","","","","","","","",
"Vietnam","VNM","Time spent dealing with the requirements of government regulations (% of senior management time)","IC.GOV.DURS.ZS","","","","","","","","","","","","","","","","","","","","","","","","","","","","","","","","","","","","","","","","","","","","","","","","","","4.6","","","","","","1.7","","",
"Vanuatu","VUT","Time spent dealing with the requirements of government regulations (% of senior management time)","IC.GOV.DURS.ZS","","","","","","","","","","","","","","","","","","","","","","","","","","","","","","","","","","","","","","","","","","","","","","","","","","7.5","","","","","","","","",
"World","WLD","Time spent dealing with the requirements of government regulations (% of senior management time)","IC.GOV.DURS.ZS","","","","","","","","","","","","","","","","","","","","","","","","","","","","","","","","","","","","","","","","","","","","","","","","","","","","","","","","","","9.6089430894309",
"Samoa","WSM","Time spent dealing with the requirements of government regulations (% of senior management time)","IC.GOV.DURS.ZS","","","","","","","","","","","","","","","","","","","","","","","","","","","","","","","","","","","","","","","","","","","","","","","","","","13.9","","","","","","","","",
"Kosovo","XKX","Time spent dealing with the requirements of government regulations (% of senior management time)","IC.GOV.DURS.ZS","","","","","","","","","","","","","","","","","","","","","","","","","","","","","","","","","","","","","","","","","","","","","","","","","","9.8","","","","13.3","","","","",
"Yemen, Rep.","YEM","Time spent dealing with the requirements of government regulations (% of senior management time)","IC.GOV.DURS.ZS","","","","","","","","","","","","","","","","","","","","","","","","","","","","","","","","","","","","","","","","","","","","","","","","","","","11.8","","","1.9","","","","",
"South Africa","ZAF","Time spent dealing with the requirements of government regulations (% of senior management time)","IC.GOV.DURS.ZS","","","","","","","","","","","","","","","","","","","","","","","","","","","","","","","","","","","","","","","","","","","","","","","","5.9","","","","","","","","","","",
"Zambia","ZMB","Time spent dealing with the requirements of government regulations (% of senior management time)","IC.GOV.DURS.ZS","","","","","","","","","","","","","","","","","","","","","","","","","","","","","","","","","","","","","","","","","","","","","","","","4.6","","","","","","8.8","","","","",
"Zimbabwe","ZWE","Time spent dealing with the requirements of government regulations (% of senior management time)","IC.GOV.DURS.ZS","","","","","","","","","","","","","","","","","","","","","","","","","","","","","","","","","","","","","","","","","","","","","","","","","","","","2.5","","","","","3.2","",
