"Data Source","World Development Indicators",

"Last Updated Date","2018-10-18",

"Country Name","Country Code","Indicator Name","Indicator Code","1960","1961","1962","1963","1964","1965","1966","1967","1968","1969","1970","1971","1972","1973","1974","1975","1976","1977","1978","1979","1980","1981","1982","1983","1984","1985","1986","1987","1988","1989","1990","1991","1992","1993","1994","1995","1996","1997","1998","1999","2000","2001","2002","2003","2004","2005","2006","2007","2008","2009","2010","2011","2012","2013","2014","2015","2016","2017",
"Aruba","ABW","Literacy rate, adult total (% of people ages 15 and above)","SE.ADT.LITR.ZS","","","","","","","","","","","","","","","","","","","","","","","","","","","","","","","","","","","","","","","","","97.2912521362305","","","","","","","","","","96.822639465332","","","","","","","",
"Afghanistan","AFG","Literacy rate, adult total (% of people ages 15 and above)","SE.ADT.LITR.ZS","","","","","","","","","","","","","","","","","","","","18.1576805114746","","","","","","","","","","","","","","","","","","","","","","","","","","","","","","","","31.7411193847656","","","","","","",
"Angola","AGO","Literacy rate, adult total (% of people ages 15 and above)","SE.ADT.LITR.ZS","","","","","","","","","","","","","","","","","","","","","","","","","","","","","","","","","","","","","","","","","","67.4054183959961","","","","","","","","","","","","","66.0301132202148","","","",
"Albania","ALB","Literacy rate, adult total (% of people ages 15 and above)","SE.ADT.LITR.ZS","","","","","","","","","","","","","","","","","","","","","","","","","","","","","","","","","","","","","","","","","","98.7129821777344","","","","","","","95.9386367797852","","","96.8452987670898","97.2469711303711","","","","","",
"Andorra","AND","Literacy rate, adult total (% of people ages 15 and above)","SE.ADT.LITR.ZS","","","","","","","","","","","","","","","","","","","","","","","","","","","","","","","","","","","","","","","","","","","","","","","","","","","","","","","","100","100","",
"Arab World","ARB","Literacy rate, adult total (% of people ages 15 and above)","SE.ADT.LITR.ZS","","","","","","","","","","","","","","","","","","","45.9264","46.39663","46.94396","47.52019","48.16667","48.36862","49.19871","50.04015","51.05814","51.56526","52.53544","53.41984","54.36569","55.44517","56.34638","57.06204","57.8799","58.8336","60.35684","61.03267","62.21463","63.24747","64.12604","65.35204","66.50626","69.14341","70.10079","70.69717","68.56241","69.06261","70.00262","68.66351","69.63679","71.37224","72.48431","72.74568","73.32167","73.74158","74.15789","",
"United Arab Emirates","ARE","Literacy rate, adult total (% of people ages 15 and above)","SE.ADT.LITR.ZS","","","","","","","","","","","","","","","","53.5148811340332","","","","","","","","","","71.2352981567383","","","","","","","","","","","","","","","","","","","","90.0338516235352","","","","","","","","","","","","",
"Argentina","ARG","Literacy rate, adult total (% of people ages 15 and above)","SE.ADT.LITR.ZS","","","","","","","","","","","","","","","","","","","","","93.9128570556641","","","","","","","","","","","96.1281967163086","","","","","","","","","","97.1933135986328","","","","","","","","","","","","","","98.0899963378906","","",
"Armenia","ARM","Literacy rate, adult total (% of people ages 15 and above)","SE.ADT.LITR.ZS","","","","","","","","","","","","","","","","","","","","","","","","","","","","","","98.7519607543945","","","","","","","","","","","","99.4001617431641","","","","","","","","","","99.7444076538086","","","","","","",
"American Samoa","ASM","Literacy rate, adult total (% of people ages 15 and above)","SE.ADT.LITR.ZS","","","","","","","","","","","","","","","","","","","","","","","","","","","","","","","","","","","","","","","","","","","","","","","","","","","","","","","","","","",
"Antigua and Barbuda","ATG","Literacy rate, adult total (% of people ages 15 and above)","SE.ADT.LITR.ZS","","","","","","","","","","","","","","","","","","","","","","","","","","","","","","","","","","","","","","","","","","98.9499969482422","","","","","","","","","","","","","","","","",
"Australia","AUS","Literacy rate, adult total (% of people ages 15 and above)","SE.ADT.LITR.ZS","","","","","","","","","","","","","","","","","","","","","","","","","","","","","","","","","","","","","","","","","","","","","","","","","","","","","","","","","","",
"Austria","AUT","Literacy rate, adult total (% of people ages 15 and above)","SE.ADT.LITR.ZS","","","","","","","","","","","","","","","","","","","","","","","","","","","","","","","","","","","","","","","","","","","","","","","","","","","","","","","","","","",
"Azerbaijan","AZE","Literacy rate, adult total (% of people ages 15 and above)","SE.ADT.LITR.ZS","","","","","","","","","","","","","","","","","","","","","","","","","","","","","","","","","","","","","","","","98.7918014526367","","","","","","","","99.6019134521484","","99.7598419189453","99.7711410522461","99.7786331176758","99.7757720947266","99.7893600463867","99.7889862060547","99.7880630493164","99.7900619506836","",
"Burundi","BDI","Literacy rate, adult total (% of people ages 15 and above)","SE.ADT.LITR.ZS","","","","","","","","","","","","","","","","","","","","22.5085506439209","","","","","","","","","","","37.3847198486328","","","","","","","","","","59.3036193847656","","","","","","","","48.0840606689453","","","","","","61.5697288513184","","","",
"Belgium","BEL","Literacy rate, adult total (% of people ages 15 and above)","SE.ADT.LITR.ZS","","","","","","","","","","","","","","","","","","","","","","","","","","","","","","","","","","","","","","","","","","","","","","","","","","","","","","","","","","",
"Benin","BEN","Literacy rate, adult total (% of people ages 15 and above)","SE.ADT.LITR.ZS","","","","","","","","","","","","","","","","","","","","16.4827899932861","","","","","","","","","","","","","27.2452507019043","","","","","","","","","","34.6578483581543","","","","28.7021102905273","","","","","","32.9488182067871","","","","","",
"Burkina Faso","BFA","Literacy rate, adult total (% of people ages 15 and above)","SE.ADT.LITR.ZS","","","","","","","","","","","","","","","","8.68515014648438","","","","","","","","","","","","","","","","13.5692300796509","","","","","12.8481702804565","","","","","","","21.8229198455811","","23.5537204742432","22.4725799560547","28.7292098999023","","","","","","","34.5993995666504","","","",
"Bangladesh","BGD","Literacy rate, adult total (% of people ages 15 and above)","SE.ADT.LITR.ZS","","","","","","","","","","","","","","","","","","","","","","29.2272300720215","","","","","","","","","","35.3193016052246","","","","","","","","","","47.4855003356934","","","","","","46.6636009216309","","","","47.0773086547852","","","","","72.7587203979492","",
"Bulgaria","BGR","Literacy rate, adult total (% of people ages 15 and above)","SE.ADT.LITR.ZS","","","","","","","","","","","","","","","","","","","","","","","","","","","","","","","","","","","","","","","","","","98.2035598754883","","","","","","","","","","98.3524475097656","","","","","","",
"Bahrain","BHR","Literacy rate, adult total (% of people ages 15 and above)","SE.ADT.LITR.ZS","","","","","","","","","","","","","","","","","","","","","","69.7535095214844","","","","","","","","","","84.0138320922852","","","","","","","","","","86.5487365722656","","","","","","","","","94.5567932128906","","","","","","","",
"Bahamas, The","BHS","Literacy rate, adult total (% of people ages 15 and above)","SE.ADT.LITR.ZS","","","","","","","","","","","","","","","","","","","","","","","","","","","","","","","","","","","","","","","","","","","","","","","","","","","","","","","","","","",
"Bosnia and Herzegovina","BIH","Literacy rate, adult total (% of people ages 15 and above)","SE.ADT.LITR.ZS","","","","","","","","","","","","","","","","","","","","","","","","","","","","","","","","89.063591003418","","","","","","","","","96.6631011962891","","","","","","","","","","","98.1420364379883","","96.9917678833008","","","","",
"Belarus","BLR","Literacy rate, adult total (% of people ages 15 and above)","SE.ADT.LITR.ZS","","","","","","","","","","","","","","","","","","","","","","","","","","","","","","97.8833694458008","","","","","","","","","","99.5907287597656","","","","","","","","","","99.617057800293","","","","","","","","",
"Belize","BLZ","Literacy rate, adult total (% of people ages 15 and above)","SE.ADT.LITR.ZS","","","","","","","","","","","","","","","","","","","","","","","","","","","","","","","","70.2984237670898","","","","","","","","","","","","","","","","","","","","","","","","","","",
"Bermuda","BMU","Literacy rate, adult total (% of people ages 15 and above)","SE.ADT.LITR.ZS","","","","","","","","","","","","","","","","","","","","","","","","","","","","","","","","","","","","","","","","","","","","","","","","","","","","","","","","","","",
"Bolivia","BOL","Literacy rate, adult total (% of people ages 15 and above)","SE.ADT.LITR.ZS","","","","","","","","","","","","","","","","","63.2081489562988","","","","","","","","","","","","","","","","79.9917678833008","","","","","","","","","86.7236709594727","","","","","","90.7434692382813","90.698112487793","91.1678314208984","","92.2261505126953","94.4605712890625","","","92.455078125","","",
"Brazil","BRA","Literacy rate, adult total (% of people ages 15 and above)","SE.ADT.LITR.ZS","","","","","","","","","","","","","","","","","","","","","74.5867309570313","","","","","","","","","","","","","","","","","","","","86.3678817749023","","","","88.6162414550781","","89.6152267456055","90.0093688964844","90.03662109375","90.298210144043","90.3791809082031","91.4112396240234","91.3378524780273","91.4842376708984","91.7294311523438","","","",
"Barbados","BRB","Literacy rate, adult total (% of people ages 15 and above)","SE.ADT.LITR.ZS","","","","","","","","","","","99.2680816650391","","","","","","","","","","","","","","","","","","","","","","","","","","","","","","","","","","","","","","","","","","","","","","","",
"Brunei Darussalam","BRN","Literacy rate, adult total (% of people ages 15 and above)","SE.ADT.LITR.ZS","","","","","","","","","","","","","","","","","","","","","","77.7354965209961","","","","","","","","","","87.8041763305664","","","","","","","","","","92.6711273193359","","","","","","","","","","96.085563659668","","","","","","",
"Bhutan","BTN","Literacy rate, adult total (% of people ages 15 and above)","SE.ADT.LITR.ZS","","","","","","","","","","","","","","","","","","","","","","","","","","","","","","","","","","","","","","","","","","","","","","52.8146896362305","","","","","","","57.0335998535156","","","","","",
"Botswana","BWA","Literacy rate, adult total (% of people ages 15 and above)","SE.ADT.LITR.ZS","","","","","","","","","","","","","","","","","","","","","","","","","","","","","","","","68.5809097290039","","","","","","","","","","","","81.1887130737305","","","","","","","","","","","","","","",
"Central African Republic","CAF","Literacy rate, adult total (% of people ages 15 and above)","SE.ADT.LITR.ZS","","","","","","","","","","","","","","","","18.2361698150635","","","","","","","","","","","","","33.6244201660156","","","","","","","","","","","","50.6451683044434","","","","","","","","","","36.7526092529297","","","","","","","",
"Canada","CAN","Literacy rate, adult total (% of people ages 15 and above)","SE.ADT.LITR.ZS","","","","","","","","","","","","","","","","","","","","","","","","","","","","","","","","","","","","","","","","","","","","","","","","","","","","","","","","","","",
"Central Europe and the Baltics","CEB","Literacy rate, adult total (% of people ages 15 and above)","SE.ADT.LITR.ZS","","","","","","","","","","","","","","","","","","","","","","","98.00689","98.02631","98.05827","98.0856","98.10734","98.13963","98.2082","98.2721","98.33477","98.38094","98.43246","98.47438","","","","","","","","","","","","","","","","","","","","","","","","",
"Switzerland","CHE","Literacy rate, adult total (% of people ages 15 and above)","SE.ADT.LITR.ZS","","","","","","","","","","","","","","","","","","","","","","","","","","","","","","","","","","","","","","","","","","","","","","","","","","","","","","","","","","",
"Channel Islands","CHI","Literacy rate, adult total (% of people ages 15 and above)","SE.ADT.LITR.ZS","","","","","","","","","","","","","","","","","","","","","","","","","","","","","","","","","","","","","","","","","","","","","","","","","","","","","","","","","","",
"Chile","CHL","Literacy rate, adult total (% of people ages 15 and above)","SE.ADT.LITR.ZS","","","","","","","","","","","","","","","","","","","","","","","91.1284027099609","","","","","","","","","","94.2911376953125","","","","","","","","","","95.7166213989258","","","","","","98.6490097045898","98.5536804199219","","96.703010559082","","96.2670593261719","","","","",
"China","CHN","Literacy rate, adult total (% of people ages 15 and above)","SE.ADT.LITR.ZS","","","","","","","","","","","","","","","","","","","","","","","65.5050888061523","","","","","","","","77.7850570678711","","","","","","","","","","90.9202117919922","","","","","","","","","","95.1244812011719","","","","","","","",
"Cote d'Ivoire","CIV","Literacy rate, adult total (% of people ages 15 and above)","SE.ADT.LITR.ZS","","","","","","","","","","","","","","","","","","","","","","","","","","","","","34.1392784118652","","","","","","","","","","36.3502388000488","","48.7407608032227","","","","","","","","","","","","40.9816284179688","","43.9084205627441","","","",
"Cameroon","CMR","Literacy rate, adult total (% of people ages 15 and above)","SE.ADT.LITR.ZS","","","","","","","","","","","","","","","","","41.2162094116211","","","","","","","","","","","","","","","","","","","","","","","","68.4091567993164","","","","","","","70.6799392700195","","","71.2905120849609","","","","","","","",
"Congo, Dem. Rep.","COD","Literacy rate, adult total (% of people ages 15 and above)","SE.ADT.LITR.ZS","","","","","","","","","","","","","","","","","","","","","","","","","","","","","","","","","","","","","","","","","","67.1729888916016","","","","","","61.2055511474609","","","","","75.0171890258789","","","","77.0426788330078","",
"Congo, Rep.","COG","Literacy rate, adult total (% of people ages 15 and above)","SE.ADT.LITR.ZS","","","","","","","","","","","","","","","","","","","","","","","","","","","","","","","","","","","","","","","","","","","","","","","","","","","","79.3111724853516","","","","","","",
"Colombia","COL","Literacy rate, adult total (% of people ages 15 and above)","SE.ADT.LITR.ZS","","","","","","","","","","","","","","","","","","","","","","","","","","","","","","","","","","91.0630874633789","","","91.207160949707","","","","","","","","92.8037796020508","92.8486633300781","92.2996826171875","92.6517868041992","93.3781814575195","93.2446899414063","93.3723297119141","93.5805282592773","","","94.1862487792969","94.2450485229492","","",
"Comoros","COM","Literacy rate, adult total (% of people ages 15 and above)","SE.ADT.LITR.ZS","","","","","","","","","","","","","","","","","","","","","47.9192314147949","","","","","","","","","","","","","","","","","","","","68.4892272949219","","","","","","","","","","","","49.1961402893066","","","","","",
"Cabo Verde","CPV","Literacy rate, adult total (% of people ages 15 and above)","SE.ADT.LITR.ZS","","","","","","","","","","","","","","","","","","","","","","","","","","","","","","","62.7968597412109","","","","","","","","","","","","","","","","","","","","","","85.3277893066406","","","86.7902908325195","","",
"Costa Rica","CRI","Literacy rate, adult total (% of people ages 15 and above)","SE.ADT.LITR.ZS","","","","","","","","","","","","","","","","","","","","","","","","","92.6290435791016","","","","","","","","","","","","","","","","94.8681869506836","","","","","","","","","","","97.4065780639648","","","","","","",
"Caribbean small states","CSS","Literacy rate, adult total (% of people ages 15 and above)","SE.ADT.LITR.ZS","","","","","","","","","","","","","","","","","","","","","","","","","","","","","","","","","","86.77129","86.8153","87.08187","87.32161","87.56225","87.80577","87.50032","88.32033","88.58603","88.83248","89.07212","89.3109","89.55313","89.76627","90.29448","90.51049","90.71516","","","","","","","","",
"Cuba","CUB","Literacy rate, adult total (% of people ages 15 and above)","SE.ADT.LITR.ZS","","","","","","","","","","","","","","","","","","","","","","97.8466491699219","","","","","","","","","","","","","","","","","","","","","99.799072265625","","","","","","","","","","99.7525329589844","","","","","",
"Curacao","CUW","Literacy rate, adult total (% of people ages 15 and above)","SE.ADT.LITR.ZS","","","","","","","","","","","","","","","","","","","","","","","","","","","","","","","","","","","","","","","","","","","","","","","","","","","","","","","","","","",
"Cayman Islands","CYM","Literacy rate, adult total (% of people ages 15 and above)","SE.ADT.LITR.ZS","","","","","","","","","","","","","","","","","","","","","","","","","","","","","","","","","","","","","","","","","","","","","","","","98.8678207397461","","","","","","","","","","",
"Cyprus","CYP","Literacy rate, adult total (% of people ages 15 and above)","SE.ADT.LITR.ZS","","","","","","","","","","","","","","","","","","","","","","","","","","","","","","","","","94.3624725341797","","","","","","","","","96.8036270141602","","","","","","","","","","98.6784286499023","","","","","","",
"Czech Republic","CZE","Literacy rate, adult total (% of people ages 15 and above)","SE.ADT.LITR.ZS","","","","","","","","","","","","","","","","","","","","","","","","","","","","","","","","","","","","","","","","","","","","","","","","","","","","","","","","","","",
"Germany","DEU","Literacy rate, adult total (% of people ages 15 and above)","SE.ADT.LITR.ZS","","","","","","","","","","","","","","","","","","","","","","","","","","","","","","","","","","","","","","","","","","","","","","","","","","","","","","","","","","",
"Djibouti","DJI","Literacy rate, adult total (% of people ages 15 and above)","SE.ADT.LITR.ZS","","","","","","","","","","","","","","","","","","","","","","","","","","","","","","","","","","","","","","","","","","","","","","","","","","","","","","","","","","",
"Dominica","DMA","Literacy rate, adult total (% of people ages 15 and above)","SE.ADT.LITR.ZS","","","","","","","","","","","","","","","","","","","","","","","","","","","","","","","","","","","","","","","","","","","","","","","","","","","","","","","","","","",
"Denmark","DNK","Literacy rate, adult total (% of people ages 15 and above)","SE.ADT.LITR.ZS","","","","","","","","","","","","","","","","","","","","","","","","","","","","","","","","","","","","","","","","","","","","","","","","","","","","","","","","","","",
"Dominican Republic","DOM","Literacy rate, adult total (% of people ages 15 and above)","SE.ADT.LITR.ZS","","","","","","","","","","","","","","","","","","","","","","73.064567565918","","","","","","","","","","","","","","","","","","","","","86.996467590332","","","","","88.2444610595703","","","89.5387268066406","90.1063766479492","90.1551818847656","90.8581466674805","91.7637634277344","91.9912109375","","",
"Algeria","DZA","Literacy rate, adult total (% of people ages 15 and above)","SE.ADT.LITR.ZS","","","","","","","","","","","","","","","","","","","","","","","","","","","","49.6308784484863","","","","","","","","","","","","","","","69.8734970092773","","","","72.648681640625","","75.1360473632813","","","","","","","","","",
"East Asia & Pacific (excluding high income)","EAP","Literacy rate, adult total (% of people ages 15 and above)","SE.ADT.LITR.ZS","","","","","","","","","","","","","","","","","64.01993","64.1843","65.30334","66.46397","66.97471","68.67846","69.34541","70.84641","71.89396","72.89674","73.82719","75.07429","79.37541","80.06918","79.79885","81.22664","81.72661","82.1846","82.72142","83.25121","83.78144","89.40332","89.77128","90.10101","90.57497","90.85471","91.22521","91.58946","92.1301","92.49397","92.91788","93.9971","94.23727","94.53922","94.62366","94.45929","94.68354","94.77481","95.12328","95.2526","95.37519","",
"Early-demographic dividend","EAR","Literacy rate, adult total (% of people ages 15 and above)","SE.ADT.LITR.ZS","","","","","","","","","","","","","","","","48.81366","49.05571","49.69234","50.32672","50.93276","51.00415","51.82427","52.76275","53.3785","54.16983","54.82246","55.46878","56.35444","57.10424","57.79252","58.67016","59.18952","60.19956","60.98883","61.79185","62.58469","63.31489","63.97211","66.9927","67.60191","68.26212","68.71656","69.37874","70.41303","71.18626","71.08765","71.24246","72.14902","73.14989","73.97933","75.2004","74.69032","76.49464","76.9538","77.6761","78.1656","78.68024","",
"East Asia & Pacific","EAS","Literacy rate, adult total (% of people ages 15 and above)","SE.ADT.LITR.ZS","","","","","","","","","","","","","","","","","68.77466","68.87067","69.78968","70.74184","71.12901","72.55735","73.08464","74.33903","75.20576","76.04138","76.82092","77.88814","81.63784","82.22966","82.00383","83.25179","83.67971","84.06937","84.53053","84.99768","85.45928","90.4183","90.74679","91.04059","91.46029","91.70931","92.03837","92.36223","92.84659","93.16707","93.54266","94.50484","94.71875","94.98859","95.06498","94.91905","95.12052","95.2035","95.51643","95.63301","95.74399","",
"Europe & Central Asia (excluding high income)","ECA","Literacy rate, adult total (% of people ages 15 and above)","SE.ADT.LITR.ZS","","","","","","","","","","","","","","","","","","","","","","","","94.12606","94.78561","94.96654","95.0232","95.14988","95.28923","95.3741","95.58887","95.63856","95.76532","95.88623","96.00478","96.12787","96.30593","96.41598","96.73808","96.79916","96.91603","96.99275","97.07689","97.14916","97.29369","97.49521","97.45829","97.55205","97.573","98.08223","98.38273","98.62805","98.75351","98.79772","98.82647","98.85536","98.92272","",
"Europe & Central Asia","ECS","Literacy rate, adult total (% of people ages 15 and above)","SE.ADT.LITR.ZS","","","","","","","","","","","","","","","","","","","","","","","","","","","","96.50375","96.70758","96.76774","96.894","96.93921","97.01623","97.09146","97.16499","97.27277","97.40359","97.50205","97.70623","97.78225","97.88235","97.96304","98.02866","98.10574","98.19539","98.27818","98.30433","98.33823","98.35742","98.56719","98.71305","98.87012","98.94292","98.98037","99.00192","99.02565","99.06869","",
"Ecuador","ECU","Literacy rate, adult total (% of people ages 15 and above)","SE.ADT.LITR.ZS","","","","","","","","","","","","","","","","","","","","","","","83.5526885986328","","","","","","","","88.2987594604492","","","","","","","","","","","90.9840316772461","","","","","","84.1927185058594","","84.2069625854492","91.8540420532227","91.5868988037109","92.0647277832031","93.2946319580078","94.2226409912109","94.4556579589844","94.350227355957","",
"Egypt, Arab Rep.","EGY","Literacy rate, adult total (% of people ages 15 and above)","SE.ADT.LITR.ZS","","","","","","","","","","","","","","","","","38.1967582702637","","","","","","","","","","44.4239883422852","","","","","","","","","","55.5870018005371","","","","","","","","","71.4088592529297","66.3699111938477","","","","72.0478515625","","73.865592956543","75.0607299804688","","","","",
"Euro area","EMU","Literacy rate, adult total (% of people ages 15 and above)","SE.ADT.LITR.ZS","","","","","","","","","","","","","","","","","","","","","","","","","","","","","97.2506","97.31565","97.37944","97.44066","97.49543","97.55447","97.61132","97.72449","97.83815","97.94287","98.07697","98.17881","98.2806","98.37608","98.42798","98.52063","98.56268","98.54646","98.6545","98.63316","98.6521","98.61392","98.64773","98.77452","98.81927","98.86477","98.8867","98.91283","98.94653","",
"Eritrea","ERI","Literacy rate, adult total (% of people ages 15 and above)","SE.ADT.LITR.ZS","","","","","","","","","","","","","","","","","","","","","","","","","","","","","","","","","","","","","","","","","","","52.5139503479004","","","","","","64.662971496582","","","","","","","","","",
"Spain","ESP","Literacy rate, adult total (% of people ages 15 and above)","SE.ADT.LITR.ZS","","","","","","","","","","","","","","","","","","","","","","92.8097686767578","","","","","","","","","","96.4949722290039","","","","","","","","","","","","","97.1651229858398","97.7506866455078","","97.9388427734375","97.6306076049805","97.6792678833008","97.7489013671875","97.7837524414063","97.8945388793945","98.0791320800781","98.0937194824219","98.1432571411133","98.2505111694336","",
"Estonia","EST","Literacy rate, adult total (% of people ages 15 and above)","SE.ADT.LITR.ZS","","","","","","","","","","","","","","","","","","","","","","","","","","","","","","99.7264404296875","","","","","","","","","","","99.7671966552734","","","","","","","","","","","99.8857879638672","","","","","","",
"Ethiopia","ETH","Literacy rate, adult total (% of people ages 15 and above)","SE.ADT.LITR.ZS","","","","","","","","","","","","","","","","","","","","","","","","","","","","","","","","","","","27.011360168457","","","","","","","","","","35.9000015258789","29.8203392028809","","38.995979309082","","","","","","","","","","",
"European Union","EUU","Literacy rate, adult total (% of people ages 15 and above)","SE.ADT.LITR.ZS","","","","","","","","","","","","","","","","","","","","","","","","","","","","","97.68678","97.7411","97.79302","97.84146","","97.9316","97.97699","98.07452","98.17098","98.26261","98.3763","98.44225","98.53034","98.61364","98.66837","98.74722","98.79398","98.78767","98.86331","98.8532","98.87294","98.88927","98.91522","99.00245","99.03498","99.06807","99.08536","99.10534","99.12999","",
"Fragile and conflict affected situations","FCS","Literacy rate, adult total (% of people ages 15 and above)","SE.ADT.LITR.ZS","","","","","","","","","","","","","","","","","","","","","","","","","","","","56.03445","56.52131","56.69969","57.11448","57.48915","57.90137","58.11633","59.05419","59.55121","60.05709","60.85283","61.71507","62.20517","63.02628","63.82038","64.15433","64.30351","64.60603","64.79391","62.87312","62.93235","62.54976","60.69243","60.99425","60.3371","60.79125","60.52207","61.32968","61.68165","61.95271","",
"Finland","FIN","Literacy rate, adult total (% of people ages 15 and above)","SE.ADT.LITR.ZS","","","","","","","","","","","","","","","","","","","","","","","","","","","","","","","","","","","","","","","","","","","","","","","","","","","","","","","","","","",
"Fiji","FJI","Literacy rate, adult total (% of people ages 15 and above)","SE.ADT.LITR.ZS","","","","","","","","","","","","","","","","","","","","","","","","","","","","","","","","","","","","","","","","","","","","","","","","","","","","","","","","","","",
"France","FRA","Literacy rate, adult total (% of people ages 15 and above)","SE.ADT.LITR.ZS","","","","","","","","","","","","","","","","","","","","","","","","","","","","","","","","","","","","","","","","","","","","","","","","","","","","","","","","","","",
"Faroe Islands","FRO","Literacy rate, adult total (% of people ages 15 and above)","SE.ADT.LITR.ZS","","","","","","","","","","","","","","","","","","","","","","","","","","","","","","","","","","","","","","","","","","","","","","","","","","","","","","","","","","",
"Micronesia, Fed. Sts.","FSM","Literacy rate, adult total (% of people ages 15 and above)","SE.ADT.LITR.ZS","","","","","","","","","","","","","","","","","","","","","","","","","","","","","","","","","","","","","","","","","","","","","","","","","","","","","","","","","","",
"Gabon","GAB","Literacy rate, adult total (% of people ages 15 and above)","SE.ADT.LITR.ZS","","","","","","","","","","","","","","","","","","","","","","","","","","","","","","","","","","72.2336730957031","","","","","","","","","","","","","","","","","","","82.2837982177734","","","","","",
"United Kingdom","GBR","Literacy rate, adult total (% of people ages 15 and above)","SE.ADT.LITR.ZS","","","","","","","","","","","","","","","","","","","","","","","","","","","","","","","","","","","","","","","","","","","","","","","","","","","","","","","","","","",
"Georgia","GEO","Literacy rate, adult total (% of people ages 15 and above)","SE.ADT.LITR.ZS","","","","","","","","","","","","","","","","","","","","","","","","","","","","","","","","","","","","","","","","","","","99.6523513793945","","","","","","","","","","","","99.5861892700195","","","",
"Ghana","GHA","Literacy rate, adult total (% of people ages 15 and above)","SE.ADT.LITR.ZS","","","","","","","","","","","","","","","","","","","","","","","","","","","","","","","","","","","","","","","","","57.8974685668945","","","","","","","","","","71.4970703125","","","","","","","",
"Gibraltar","GIB","Literacy rate, adult total (% of people ages 15 and above)","SE.ADT.LITR.ZS","","","","","","","","","","","","","","","","","","","","","","","","","","","","","","","","","","","","","","","","","","","","","","","","","","","","","","","","","","",
"Guinea","GIN","Literacy rate, adult total (% of people ages 15 and above)","SE.ADT.LITR.ZS","","","","","","","","","","","","","","","","","","","","","","","","","","","","","","","","","","","","","20.5537490844727","","","","","","","29.7040195465088","","","","","","","25.3077392578125","","","","32.0038604736328","","","",
"Gambia, The","GMB","Literacy rate, adult total (% of people ages 15 and above)","SE.ADT.LITR.ZS","","","","","","","","","","","","","","","","","","","","","","","","","","","","","","","","","","","","","","","","","36.8177299499512","","","","","","","","","","","","","41.9500503540039","","","","",
"Guinea-Bissau","GNB","Literacy rate, adult total (% of people ages 15 and above)","SE.ADT.LITR.ZS","","","","","","","","","","","","","","","","","","","","19.9582500457764","","","","","","","","","","","","","","","","","","","","","41.3577690124512","","","","","","","","","","","","","","45.5811614990234","","","",
"Equatorial Guinea","GNQ","Literacy rate, adult total (% of people ages 15 and above)","SE.ADT.LITR.ZS","","","","","","","","","","","","","","","","","","","","","","","","","","","","","","","","","","","","","","","","","88.3082962036133","","","","","","","","","","","","","","","","","",
"Greece","GRC","Literacy rate, adult total (% of people ages 15 and above)","SE.ADT.LITR.ZS","","","","","","","","","","","","","","","","","","","","","","90.512321472168","","","","","","","","","","92.6104507446289","","","","","","","","","","95.9943618774414","","","","93.0443115234375","","93.9315490722656","","93.9051132202148","","97.1287536621094","","","","","","",
"Grenada","GRD","Literacy rate, adult total (% of people ages 15 and above)","SE.ADT.LITR.ZS","","","","","","","","","","","97.7944717407227","","","","","","","","","","","","","","","","","","","","","","","","","","","","","","","","","","","","","","","","","","","","","","","",
"Greenland","GRL","Literacy rate, adult total (% of people ages 15 and above)","SE.ADT.LITR.ZS","","","","","","","","","","","","","","","","","","","","","","","","","","","","","","","","","","","","","","","","","","","","","","","","","","","","","","","","100","","",
"Guatemala","GTM","Literacy rate, adult total (% of people ages 15 and above)","SE.ADT.LITR.ZS","","","","","","","","","","","","","","","","","","","","","","","","","","","","","","","","","","","64.2116394042969","","","","","","","","69.1017303466797","","","","","","","","","","78.2648620605469","77.0386734008789","81.2858963012695","","","",
"Guam","GUM","Literacy rate, adult total (% of people ages 15 and above)","SE.ADT.LITR.ZS","","","","","","","","","","","","","","","","","","","","","","","","","","","","","","","","","","","","","","","","","","","","","","","","","","","","","","","","","","",
"Guyana","GUY","Literacy rate, adult total (% of people ages 15 and above)","SE.ADT.LITR.ZS","","","","","","","","","","","","","","","","","","","","","","","","","","","","","","","","","","","","","","","","","","","","","","","","","","84.994010925293","","","","","85.6397323608398","","","",
"High income","HIC","Literacy rate, adult total (% of people ages 15 and above)","SE.ADT.LITR.ZS","","","","","","","","","","","","","","","","","","","","","","","","","","","","","","","","","","","","","","","","","","","","","","","","","","","","","","","","","","",
"Hong Kong SAR, China","HKG","Literacy rate, adult total (% of people ages 15 and above)","SE.ADT.LITR.ZS","","","","","","","","","","","","","","","","","","","","","","","","","","","","","","","","","","","","","","","","","","","","","","","","","","","","","","","","","","",
"Honduras","HND","Literacy rate, adult total (% of people ages 15 and above)","SE.ADT.LITR.ZS","","","","","","","","","","","","","","","","","","","","","","","","","","","","","","","","","","","","","","","","","","80.0110321044922","","","","","","83.5889892578125","","","84.7553634643555","85.1232986450195","85.3555526733398","85.4644165039063","87.1975326538086","87.9068298339844","88.9874801635742","",
"Heavily indebted poor countries (HIPC)","HPC","Literacy rate, adult total (% of people ages 15 and above)","SE.ADT.LITR.ZS","","","","","","","","","","","","","","","","","","","","","","","","","","","43.45291","44.06938","44.46545","45.07521","45.66152","45.88881","46.14428","46.52509","47.12167","47.0962","47.58332","48.4216","49.10092","49.92181","50.65659","51.51085","51.99348","52.79801","54.62963","53.84913","52.73906","54.09223","53.55455","54.30983","54.82559","56.89923","58.00544","58.50274","59.41668","59.90456","60.77073","",
"Croatia","HRV","Literacy rate, adult total (% of people ages 15 and above)","SE.ADT.LITR.ZS","","","","","","","","","","","","","","","","","","","","","","","","","","","","","","","","96.7015533447266","","","","","","","","","","98.1466827392578","","","","","","","","","","99.125358581543","","","","","","",
"Haiti","HTI","Literacy rate, adult total (% of people ages 15 and above)","SE.ADT.LITR.ZS","","","","","","","","","","","","","","","","","","","","","","","34.734691619873","","","","","","","","","","","","","","","","","","","","","58.7439002990723","","","48.6850204467773","","","","","","","","","","","",
"Hungary","HUN","Literacy rate, adult total (% of people ages 15 and above)","SE.ADT.LITR.ZS","","","","","","","","","","","","","","","","","","","","","98.8582916259766","","","","","","","","","","","","","","","","","","","","","","","","","","","","","","","","","","","","","",
"IBRD only","IBD","Literacy rate, adult total (% of people ages 15 and above)","SE.ADT.LITR.ZS","","","","","","","","","","","","","","","","62.58759","62.67184","62.93236","63.64889","64.34355","64.76492","65.58957","66.24716","67.1473","67.93354","68.63753","69.33167","70.13682","72.44585","73.02908","73.29665","74.16203","74.75261","75.2453","75.73376","76.24943","76.77279","79.72833","81.3297","81.70546","82.16627","82.47651","82.90266","83.56735","84.04603","84.14213","84.12843","85.19038","85.56507","85.96254","86.58421","86.95782","87.28245","87.49162","87.88014","88.19513","88.47576","",
"IDA & IBRD total","IBT","Literacy rate, adult total (% of people ages 15 and above)","SE.ADT.LITR.ZS","","","","","","","","","","","","","","","","59.75185","59.85188","60.12443","60.76529","61.39835","61.7862","62.51981","63.12207","63.91819","64.62472","65.26356","65.87361","66.61387","68.62101","69.17736","69.48651","70.2316","70.82899","71.34101","71.84471","72.32678","72.84234","75.32289","76.82315","77.23007","77.46237","77.80802","78.24086","78.87583","79.47708","79.46507","79.48224","80.13727","80.5512","80.96079","81.48666","81.50876","82.45983","82.62784","83.03593","83.30718","83.6039","",
"IDA total","IDA","Literacy rate, adult total (% of people ages 15 and above)","SE.ADT.LITR.ZS","","","","","","","","","","","","","","","","","","","","48.21119","48.47281","48.79185","49.15676","49.51111","49.89397","50.28397","50.56473","51.07519","51.83059","52.37024","52.92686","53.29509","54.07009","54.819","55.55259","56.07144","56.67399","57.36525","58.63468","59.33866","58.82061","59.45254","60.04789","60.6996","61.91181","61.6365","61.92368","61.21482","61.9603","62.61343","63.00501","61.98995","65.41167","65.67304","66.38857","66.74759","67.32945","",
"IDA blend","IDB","Literacy rate, adult total (% of people ages 15 and above)","SE.ADT.LITR.ZS","","","","","","","","","","","","","","","","","55.66839","56.07061","56.42982","56.92451","57.06833","57.27525","57.69427","57.99995","58.30537","58.61733","58.74707","59.3379","59.91316","60.45726","61.01534","61.70856","63.03046","64.34891","64.99142","65.63143","66.35282","66.96472","67.89556","68.39514","66.00853","66.48758","67.0112","67.4354","68.39317","68.77011","70.32901","69.14341","69.00952","69.78101","70.08472","70.09351","71.02047","70.8738","71.57446","71.60799","72.10039","",
"Indonesia","IDN","Literacy rate, adult total (% of people ages 15 and above)","SE.ADT.LITR.ZS","","","","","","","","","","","","","","","","","","","","","67.3126678466797","","","","","","","","","","81.5198516845703","","","","","","","","","","","","","","90.3847885131836","","91.9822692871094","","92.1922988891602","92.5817031860352","","92.8119125366211","","","95.1162185668945","95.2179336547852","95.3769683837891","",
"IDA only","IDX","Literacy rate, adult total (% of people ages 15 and above)","SE.ADT.LITR.ZS","","","","","","","","","","","","","","","","","","","","","","","43.57164","43.94958","44.37802","44.81611","45.19316","45.65169","46.52985","47.07552","47.62294","47.80018","48.24513","48.65451","49.47699","49.94622","50.48992","51.24717","52.74607","53.59361","54.27248","55.01","55.66175","56.46831","57.85124","57.17919","56.68516","56.28747","57.59355","58.1898","58.65433","57.04047","62.00721","62.53668","63.28254","63.85725","64.51302","",
"Isle of Man","IMN","Literacy rate, adult total (% of people ages 15 and above)","SE.ADT.LITR.ZS","","","","","","","","","","","","","","","","","","","","","","","","","","","","","","","","","","","","","","","","","","","","","","","","","","","","","","","","","","",
"India","IND","Literacy rate, adult total (% of people ages 15 and above)","SE.ADT.LITR.ZS","","","","","","","","","","","","","","","","","","","","","","40.7635917663574","","","","","","","","","","48.2220687866211","","","","","","","","","","61.0145606994629","","","","","62.7544708251953","","","","","69.3025588989258","","","","","","",
"Not classified","INX","Literacy rate, adult total (% of people ages 15 and above)","SE.ADT.LITR.ZS","","","","","","","","","","","","","","","","","","","","","","","","","","","","","","","","","","","","","","","","","","","","","","","","","","","","","","","","","","",
"Ireland","IRL","Literacy rate, adult total (% of people ages 15 and above)","SE.ADT.LITR.ZS","","","","","","","","","","","","","","","","","","","","","","","","","","","","","","","","","","","","","","","","","","","","","","","","","","","","","","","","","","",
"Iran, Islamic Rep.","IRN","Literacy rate, adult total (% of people ages 15 and above)","SE.ADT.LITR.ZS","","","","","","","","","","","","","","","","","36.5183982849121","","","","","","","","","","52.3197593688965","","","","","65.5314025878906","","","","","73.0602493286133","","","","","","77","","","82.4412002563477","82.3313217163086","","82.9623031616211","","","","83.6259918212891","84.6268005371094","84.7052383422852","","","",
"Iraq","IRQ","Literacy rate, adult total (% of people ages 15 and above)","SE.ADT.LITR.ZS","","","","","","","","","","","","","","","","","","","","","","","","","","","","","","","","","","","","","","","","","74.0522003173828","","","","","","","","","","","","","43.6832809448242","","","","",
"Iceland","ISL","Literacy rate, adult total (% of people ages 15 and above)","SE.ADT.LITR.ZS","","","","","","","","","","","","","","","","","","","","","","","","","","","","","","","","","","","","","","","","","","","","","","","","","","","","","","","","","","",
"Israel","ISR","Literacy rate, adult total (% of people ages 15 and above)","SE.ADT.LITR.ZS","","","","","","","","","","","","","","","","","","","","","","","","91.7514114379883","","","","","","","","","","","","","","","","","","","","","","","","","","","","","","","","","","",
"Italy","ITA","Literacy rate, adult total (% of people ages 15 and above)","SE.ADT.LITR.ZS","","","","","","","","","","","","","","","","","","","","","","96.4605407714844","","","","","","","","","","","","","","","","","","","","98.416618347168","","","","","","","","","","98.8482818603516","","","","","","",
"Jamaica","JAM","Literacy rate, adult total (% of people ages 15 and above)","SE.ADT.LITR.ZS","","","","","","","","","","","","","","","","","","","","","","","","","","","","","","","","","","","","","","","","79.9201202392578","","","","","","","","","","","","","","","","","","",
"Jordan","JOR","Literacy rate, adult total (% of people ages 15 and above)","SE.ADT.LITR.ZS","","","","","","","","","","","","","","","","","","","","66.7968063354492","","","","","","","","","","","","","","","","","","","","","","","","89.8923187255859","","91.1307525634766","","92.199577331543","","","92.5510406494141","95.9044494628906","97.8903198242188","","","","","",
"Japan","JPN","Literacy rate, adult total (% of people ages 15 and above)","SE.ADT.LITR.ZS","","","","","","","","","","","","","","","","","","","","","","","","","","","","","","","","","","","","","","","","","","","","","","","","","","","","","","","","","","",
"Kazakhstan","KAZ","Literacy rate, adult total (% of people ages 15 and above)","SE.ADT.LITR.ZS","","","","","","","","","","","","","","","","","","","","","","","","","","","","","","97.5293807983398","","","","","","","","","","99.5126571655273","","","","","","","","","","99.7324066162109","99.7816314697266","","","","","","","",
"Kenya","KEN","Literacy rate, adult total (% of people ages 15 and above)","SE.ADT.LITR.ZS","","","","","","","","","","","","","","","","","","","","","","","","","","","","","","","","","","","","","","","","","82.2290802001953","","","","","","","72.1570281982422","","","","","","","78.733039855957","","","",
"Kyrgyz Republic","KGZ","Literacy rate, adult total (% of people ages 15 and above)","SE.ADT.LITR.ZS","","","","","","","","","","","","","","","","","","","","","","","","","","","","","","","","","","","","","","","","98.7016067504883","","","","","","","","","","99.2434310913086","","","","","","","","",
"Cambodia","KHM","Literacy rate, adult total (% of people ages 15 and above)","SE.ADT.LITR.ZS","","","","","","","","","","","","","","","","","","","","","","","","","","","","","","","","","","","","","","","67.3350296020508","","","","","","73.6099472045898","","","","77.586540222168","73.900032043457","","","","","","","","",
"Kiribati","KIR","Literacy rate, adult total (% of people ages 15 and above)","SE.ADT.LITR.ZS","","","","","","","","","","","","","","","","","","","","","","","","","","","","","","","","","","","","","","","","","","","","","","","","","","","","","","","","","","",
"St. Kitts and Nevis","KNA","Literacy rate, adult total (% of people ages 15 and above)","SE.ADT.LITR.ZS","","","","","","","","","","","","","","","","","","","","","","","","","","","","","","","","","","","","","","","","","","","","","","","","","","","","","","","","","","",
"Korea, Rep.","KOR","Literacy rate, adult total (% of people ages 15 and above)","SE.ADT.LITR.ZS","","","","","","","","","","","","","","","","","","","","","","","","","","","","","","","","","","","","","","","","","","","","","","","","","","","","","","","","","","",
"Kuwait","KWT","Literacy rate, adult total (% of people ages 15 and above)","SE.ADT.LITR.ZS","","","","","","","","","","","","","","","","59.5643882751465","","","","","67.5176620483398","","","","","74.4908676147461","","","","","","","","","","78.3955001831055","","","","","","","","","","93.2744598388672","93.2821197509766","93.664192199707","93.8983001708984","","94.4690093994141","","95.5131683349609","95.585823059082","","95.6854476928711","","",
"Latin America & Caribbean (excluding high income)","LAC","Literacy rate, adult total (% of people ages 15 and above)","SE.ADT.LITR.ZS","","","","","","","","","","","","","","","78.10916","78.10858","78.45616","78.88669","79.32665","79.7227","80.05716","80.46989","80.85273","81.25224","81.63251","82.0032","82.37083","82.66758","83.18156","83.61067","83.96974","84.60831","85.2531","85.91204","86.53378","87.16686","87.48774","87.79909","88.28174","88.58914","88.74151","88.92826","89.00611","89.84925","89.71658","90.24293","90.1238","90.53706","90.9038","91.11197","91.33446","91.94427","92.1972","92.26499","92.70338","93.06719","93.37249","",
"Lao PDR","LAO","Literacy rate, adult total (% of people ages 15 and above)","SE.ADT.LITR.ZS","","","","","","","","","","","","","","","","","","","","","","","","","","","","","","","","","","","","60.2513313293457","","","","","69.583122253418","68.7343902587891","","","","72.702262878418","","","","","","58.2879409790039","","","","","","",
"Lebanon","LBN","Literacy rate, adult total (% of people ages 15 and above)","SE.ADT.LITR.ZS","","","","","","","","","","","","","","","","","","","","","","","","","","","","","","","","","","","","","","","","","","","","","","","","89.6124420166016","","91.1841888427734","","","","","","","","",
"Liberia","LBR","Literacy rate, adult total (% of people ages 15 and above)","SE.ADT.LITR.ZS","","","","","","","","","","","","","","","","","","","","","","","","","32.1067695617676","","","","","","","","","","","","","","","","","","","","","","","42.9410781860352","","","","","","","","","","",
"Libya","LBY","Literacy rate, adult total (% of people ages 15 and above)","SE.ADT.LITR.ZS","","","","","","","","","","","","","","","","","","","","","","","","","60.1643905639648","","","","","","","","","","","","","","","","","","","","","","","","","","","","","","","","","",
"St. Lucia","LCA","Literacy rate, adult total (% of people ages 15 and above)","SE.ADT.LITR.ZS","","","","","","","","","","","","","","","","","","","","","","","","","","","","","","","","","","","","","","","","","","","","","","","","","","","","","","","","","","",
"Latin America & Caribbean","LCN","Literacy rate, adult total (% of people ages 15 and above)","SE.ADT.LITR.ZS","","","","","","","","","","","","","","","78.85941","78.85387","79.17918","79.58256","80.00656","80.38887","80.70915","81.11073","81.48251","81.86233","82.2288","82.5858","82.93958","83.22897","83.71908","84.16259","84.51249","85.11954","85.73411","86.36115","86.95404","87.55793","87.86614","88.16563","88.6274","88.91745","89.06632","89.24804","89.32667","90.12549","90.00452","90.50969","90.40762","90.87187","91.22701","91.42324","91.60362","92.15993","92.4093","92.45332","92.87993","93.23081","93.52506","",
"Least developed countries: UN classification","LDC","Literacy rate, adult total (% of people ages 15 and above)","SE.ADT.LITR.ZS","","","","","","","","","","","","","","","","","","","","","","40.54463","40.88102","41.28745","41.73126","42.18135","42.55835","43.02458","43.93047","44.52779","45.09105","45.26102","45.73092","46.16239","47.05483","47.77504","48.30358","49.06913","50.63688","51.54112","51.99469","52.67646","53.33059","54.16402","55.65092","55.41898","54.80268","54.21679","55.51192","56.46687","56.8266","54.96615","60.3688","60.90744","61.68538","62.25665","62.94581","",
"Low income","LIC","Literacy rate, adult total (% of people ages 15 and above)","SE.ADT.LITR.ZS","","","","","","","","","","","","","","","","","","","","","","","","","","43.41036","43.88183","44.52141","45.2049","45.78975","46.36885","46.62825","46.96216","47.25052","47.84493","48.13387","48.50648","49.25546","49.79527","50.34502","50.67088","51.36116","51.64633","52.2903","54.1117","53.26303","53.08421","54.23258","53.40461","54.6644","54.75829","56.81752","57.95468","58.38585","59.2793","59.75239","60.58161","",
"Liechtenstein","LIE","Literacy rate, adult total (% of people ages 15 and above)","SE.ADT.LITR.ZS","","","","","","","","","","","","","","","","","","","","","","","","","","","","","","","","","","","","","","","","","","","","","","","","","","","","","","","","","","",
"Sri Lanka","LKA","Literacy rate, adult total (% of people ages 15 and above)","SE.ADT.LITR.ZS","","","","","","","","","","","","","","","","","","","","","","86.7779235839844","","","","","","","","","","","","","","","","","","","","90.682746887207","","","","","90.8088302612305","","90.5579528808594","","91.1813583374023","","","","","","","",
"Lower middle income","LMC","Literacy rate, adult total (% of people ages 15 and above)","SE.ADT.LITR.ZS","","","","","","","","","","","","","","","","49.8533","50.00655","50.51745","51.04162","51.58586","51.48585","52.22207","53.05178","53.50155","54.01775","54.53955","55.05527","55.91705","56.51964","57.16152","57.80083","58.3053","59.2215","59.95408","60.65868","61.33435","62.07624","62.7121","65.84399","66.48792","66.67575","67.18486","68.01937","68.84452","69.55523","69.40597","69.41222","69.83738","70.7936","71.43398","72.71435","72.24664","74.21019","74.65994","75.36975","75.83826","76.35028","",
"Low & middle income","LMY","Literacy rate, adult total (% of people ages 15 and above)","SE.ADT.LITR.ZS","","","","","","","","","","","","","","","","59.33816","59.44776","59.73222","60.38849","61.03692","61.43789","62.18995","62.80778","63.62126","64.34374","64.99809","65.62143","66.37659","68.40808","68.97242","69.28267","70.03745","70.64224","71.16054","71.66999","72.15757","72.67889","75.17753","76.6895","77.10099","77.33614","77.68525","78.12303","78.76401","79.37","79.35941","79.37729","80.03067","80.44711","80.86176","81.3955","81.42259","82.38006","82.55274","82.96363","83.23758","83.53696","",
"Lesotho","LSO","Literacy rate, adult total (% of people ages 15 and above)","SE.ADT.LITR.ZS","","","","","","","","","","","","","","","","","","","","","","","","","","","","","","","","","","","","","","","","","86.2544326782227","","","","","","","","","75.8002014160156","","","","","76.6352005004883","","","",
"Late-demographic dividend","LTE","Literacy rate, adult total (% of people ages 15 and above)","SE.ADT.LITR.ZS","","","","","","","","","","","","","","","","","70.73661","70.74385","71.53153","72.33994","73.10039","73.87106","74.28142","75.39086","76.13861","76.87122","77.55823","78.24977","81.79756","82.33385","82.11533","83.31725","83.75127","84.17458","84.57621","84.99269","85.42614","90.25434","90.59605","90.89775","91.23161","91.49249","91.80114","92.18957","92.59892","92.92669","93.14288","94.13619","94.35744","94.6394","94.64499","95.16747","95.33672","95.39803","95.55239","95.73705","95.89059","",
"Lithuania","LTU","Literacy rate, adult total (% of people ages 15 and above)","SE.ADT.LITR.ZS","","","","","","","","","","","","","","","","","","","","","","","","","","","","","","98.4412689208984","","","","","","","","","","","","99.645751953125","","","","","","","","","","99.8155975341797","","","","","","",
"Luxembourg","LUX","Literacy rate, adult total (% of people ages 15 and above)","SE.ADT.LITR.ZS","","","","","","","","","","","","","","","","","","","","","","","","","","","","","","","","","","","","","","","","","","","","","","","","","","","","","","","","","","",
"Latvia","LVA","Literacy rate, adult total (% of people ages 15 and above)","SE.ADT.LITR.ZS","","","","","","","","","","","","","","","","","","","","","","","","","","","","","","99.4523010253906","","","","","","","","","","","99.7465667724609","","","","","","","","","","","99.8958969116211","","","","","","",
"Macao SAR, China","MAC","Literacy rate, adult total (% of people ages 15 and above)","SE.ADT.LITR.ZS","","","","","","","","","","","","","","","","","","","","","","90.3781814575195","","","","","","","","","","","","","","","","","","","","91.2953720092773","","","","","93.4997482299805","","","","","95.6400375366211","","","","","96.5384902954102","",
"St. Martin (French part)","MAF","Literacy rate, adult total (% of people ages 15 and above)","SE.ADT.LITR.ZS","","","","","","","","","","","","","","","","","","","","","","","","","","","","","","","","","","","","","","","","","","","","","","","","","","","","","","","","","","",
"Morocco","MAR","Literacy rate, adult total (% of people ages 15 and above)","SE.ADT.LITR.ZS","","","","","","","","","","","","","","","","","","","","","","","30.2577991485596","","","","","","","","","","","","41.594108581543","","","","","","","","","","52.3062591552734","","","","55.1479187011719","56.0836715698242","","67.0841598510742","69.4253921508789","","","","","",
"Monaco","MCO","Literacy rate, adult total (% of people ages 15 and above)","SE.ADT.LITR.ZS","","","","","","","","","","","","","","","","","","","","","","","","","","","","","","","","","","","","","","","","","","","","","","","","","","","","","","","","","","",
"Moldova","MDA","Literacy rate, adult total (% of people ages 15 and above)","SE.ADT.LITR.ZS","","","","","","","","","","","","","","","","","","","","","","","","","","","","","","96.3775482177734","","","","","","","","","","","96.6538009643555","","","","","","","","","","","","99.138313293457","","","","","",
"Madagascar","MDG","Literacy rate, adult total (% of people ages 15 and above)","SE.ADT.LITR.ZS","","","","","","","","","","","","","","","","","","","","","","","","","","","","","","","","","","","","","","","","","70.6861724853516","","","","","","","","","64.4809112548828","","","71.5726165771484","","","","","",
"Maldives","MDV","Literacy rate, adult total (% of people ages 15 and above)","SE.ADT.LITR.ZS","","","","","","","","","","","","","","","","","","82.2999572753906","","","","","","","","92.2300491333008","","","","","96.0182571411133","","","","","96.3264999389648","","","","","","","","","","","98.3979034423828","","","","","","","","98.6101226806641","","","",
"Middle East & North Africa","MEA","Literacy rate, adult total (% of people ages 15 and above)","SE.ADT.LITR.ZS","","","","","","","","","","","","","","42.82216","43.31976","43.85004","44.41685","44.98234","45.66755","46.37866","47.14337","47.89356","48.69104","49.42488","50.3887","51.36992","52.51943","53.21982","54.34073","55.39388","57.83767","59.07494","60.04862","60.90978","61.86669","63.33888","64.77112","65.62785","66.84308","67.91677","68.91087","70.05267","70.49975","73.75778","74.68318","75.13866","74.42168","74.99793","75.59986","75.54781","76.39718","77.13008","77.64802","78.01983","78.48583","79.24977","79.64689","",
"Mexico","MEX","Literacy rate, adult total (% of people ages 15 and above)","SE.ADT.LITR.ZS","","","","","","","","","","","","","","","","","","","","","82.9892425537109","","","","","","","","","","87.55615234375","","","","","","","","","","90.5356216430664","","90.2746505737305","","90.953742980957","91.6302719116211","91.7345199584961","92.7951736450195","92.9255981445313","93.4418792724609","93.0689392089844","93.5199813842773","94.228401184082","93.9628524780273","94.5558776855469","94.472282409668","","",
"Marshall Islands","MHL","Literacy rate, adult total (% of people ages 15 and above)","SE.ADT.LITR.ZS","","","","","","","","","","","","","","","","","","","","","","","","","","","","","","","","","","","","","","","","","","","","","","","","","","","","98.2650833129883","","","","","","",
"Middle income","MIC","Literacy rate, adult total (% of people ages 15 and above)","SE.ADT.LITR.ZS","","","","","","","","","","","","","","","","60.75082","60.84687","61.12707","61.80363","62.47303","62.86953","63.63161","64.25453","65.08598","65.8149","66.47241","67.10414","67.86813","69.99545","70.56459","70.85745","71.65709","72.29241","72.83977","73.35784","73.8757","74.41614","77.05308","78.65047","79.06715","79.31068","79.64893","80.11368","80.77113","81.30263","81.37667","81.43143","82.0694","82.61116","82.98731","83.58961","83.48173","84.45964","84.648","85.05551","85.35088","85.64068","",
"Macedonia, FYR","MKD","Literacy rate, adult total (% of people ages 15 and above)","SE.ADT.LITR.ZS","","","","","","","","","","","","","","","","","","","","","","","","","","","","","","","","","","","94.0587463378906","","","","","","","","96.1289291381836","","","","","","","","","","","","","","","",
"Mali","MLI","Literacy rate, adult total (% of people ages 15 and above)","SE.ADT.LITR.ZS","","","","","","","","","","","","","","","","","9.43381023406982","","","","","","","","","","","","","","","","","","","","","","19.0449695587158","","","","","24","","","26.176549911499","","","","31.0997505187988","33.5609397888184","","","","33.0688896179199","","",
"Malta","MLT","Literacy rate, adult total (% of people ages 15 and above)","SE.ADT.LITR.ZS","","","","","","","","","","","","","","","","","","","","","","","","","","86.9298400878906","","","","","","","","","","87.8686981201172","","","","","","","","","","92.3630905151367","","","","","","93.3073577880859","","","","","","",
"Myanmar","MMR","Literacy rate, adult total (% of people ages 15 and above)","SE.ADT.LITR.ZS","","","","","","","","","","","","","","","","","","","","","","","","78.5704116821289","","","","","","","","","","","","","","","","","89.9417572021484","","","","","","","","","","","","","","","","75.5512008666992","",
"Middle East & North Africa (excluding high income)","MNA","Literacy rate, adult total (% of people ages 15 and above)","SE.ADT.LITR.ZS","","","","","","","","","","","","","39.45006","39.93864","40.43303","40.96593","41.53128","42.09312","42.79268","43.51312","44.315","45.09184","45.85046","46.62303","47.62511","48.67555","49.91908","50.65926","51.77387","52.82319","55.44763","56.71574","57.73781","58.62104","59.60176","61.17437","62.67799","63.53223","64.73451","65.84231","66.88337","68.04286","68.36533","72.03799","72.95436","73.37649","72.38902","72.8813","73.37844","73.1696","74.00967","74.19839","74.71401","75.0097","75.51625","76.35775","76.78292","",
"Montenegro","MNE","Literacy rate, adult total (% of people ages 15 and above)","SE.ADT.LITR.ZS","","","","","","","","","","","","","","","","","","","","","","89.6352996826172","","","","","","","","","","93.4627380371094","","","","","","","","","","","","97.7734603881836","","","","","","","","98.4422073364258","","","","","","",
"Mongolia","MNG","Literacy rate, adult total (% of people ages 15 and above)","SE.ADT.LITR.ZS","","","","","","","","","","","","","","","","","","","","","","","","","","","","","","","","","","","","","","","","","97.7688522338867","","","","","","","","","","98.2570037841797","","","","","","","",
"Northern Mariana Islands","MNP","Literacy rate, adult total (% of people ages 15 and above)","SE.ADT.LITR.ZS","","","","","","","","","","","","","","","","","","","","","","","","","","","","","","","","","","","","","","","","","","","","","","","","","","","","","","","","","","",
"Mozambique","MOZ","Literacy rate, adult total (% of people ages 15 and above)","SE.ADT.LITR.ZS","","","","","","","","","","","","","","","","","","","","","26.997709274292","","","","","","","","","","","","","","","","","38.707878112793","","","","","","48.1588401794434","","","","","","50.5838088989258","","","","","","","","",
"Mauritania","MRT","Literacy rate, adult total (% of people ages 15 and above)","SE.ADT.LITR.ZS","","","","","","","","","","","","","","","","","","","","","","","","","","","","","","","","","","","","","","","","","51.2076797485352","","","","","","","45.5037803649902","","","","","","","","","","",
"Mauritius","MUS","Literacy rate, adult total (% of people ages 15 and above)","SE.ADT.LITR.ZS","","","","","","","","","","","","","","","","","","","","","","","","","","","","","","","79.8686599731445","","","","","","","","","","84.303092956543","","","","","","","","","","","89.2498397827148","91.7660064697266","91.4900283813477","92.4747619628906","92.7076034545898","","",
"Malawi","MWI","Literacy rate, adult total (% of people ages 15 and above)","SE.ADT.LITR.ZS","","","","","","","","","","","","","","","","","","","","","","","","","","","","48.5366516113281","","","","","","","","","","","64.1342468261719","","","","","","","","","","","","61.3097190856934","","","","65.1453704833984","62.1435394287109","","",
"Malaysia","MYS","Literacy rate, adult total (% of people ages 15 and above)","SE.ADT.LITR.ZS","","","","","","","","","","","","","","","","","","","","","69.5163269042969","","","","","","","","","","","82.9153671264648","","","","","","","","","88.6877593994141","","","","","","","","","","93.1178894042969","","","","","","","",
"North America","NAC","Literacy rate, adult total (% of people ages 15 and above)","SE.ADT.LITR.ZS","","","","","","","","","","","","","","","","","","","","","","","","","","","","","","","","","","","","","","","","","","","","","","","","","","","","","","","","","","",
"Namibia","NAM","Literacy rate, adult total (% of people ages 15 and above)","SE.ADT.LITR.ZS","","","","","","","","","","","","","","","","","","","","","","","","","","","","","","","","75.8165817260742","","","","","","","","","","84.9442596435547","","","","","","76.4865875244141","","","","88.2746276855469","","","","","","",
"New Caledonia","NCL","Literacy rate, adult total (% of people ages 15 and above)","SE.ADT.LITR.ZS","","","","","","","","","","","","","","","","","","","","","","","","","","","","","","","","","","","","","","","","","","","","","","","","","","","","","","","","","","",
"Niger","NER","Literacy rate, adult total (% of people ages 15 and above)","SE.ADT.LITR.ZS","","","","","","","","","","","","","","","","","","","","","","","","","","","","","","","","","","","","","","","","","","14.3760404586792","","","","28.672420501709","","","","","","","15.4567003250122","","","","","",
"Nigeria","NGA","Literacy rate, adult total (% of people ages 15 and above)","SE.ADT.LITR.ZS","","","","","","","","","","","","","","","","","","","","","","","","","","","","","","","","55.4467506408691","","","","","","","","","","","","54.7731781005859","","","","","51.0776596069336","","","","","","","","","",
"Nicaragua","NIC","Literacy rate, adult total (% of people ages 15 and above)","SE.ADT.LITR.ZS","","","","","","","","","","","","","","","","","","","","","","","","","","","","","","","","","","","","","","","","","","76.677131652832","","","","78.0029830932617","","","","","","","","","","","","",
"Netherlands","NLD","Literacy rate, adult total (% of people ages 15 and above)","SE.ADT.LITR.ZS","","","","","","","","","","","","","","","","","","","","","","","","","","","","","","","","","","","","","","","","","","","","","","","","","","","","","","","","","","",
"Norway","NOR","Literacy rate, adult total (% of people ages 15 and above)","SE.ADT.LITR.ZS","","","","","","","","","","","","","","","","","","","","","","","","","","","","","","","","","","","","","","","","","","","","","","","","","","","","","","","","","","",
"Nepal","NPL","Literacy rate, adult total (% of people ages 15 and above)","SE.ADT.LITR.ZS","","","","","","","","","","","","","","","","","","","","","","20.5736694335938","","","","","","","","","","32.9755897521973","","","","","","","","","","48.6089706420898","","","","","","","","","","59.6272506713867","","","","","","",
"Nauru","NRU","Literacy rate, adult total (% of people ages 15 and above)","SE.ADT.LITR.ZS","","","","","","","","","","","","","","","","","","","","","","","","","","","","","","","","","","","","","","","","","","","","","","","","","","","","","","","","","","",
"New Zealand","NZL","Literacy rate, adult total (% of people ages 15 and above)","SE.ADT.LITR.ZS","","","","","","","","","","","","","","","","","","","","","","","","","","","","","","","","","","","","","","","","","","","","","","","","","","","","","","","","","","",
"OECD members","OED","Literacy rate, adult total (% of people ages 15 and above)","SE.ADT.LITR.ZS","","","","","","","","","","","","","","","","","","","","","","","","","","","","","","","","","","","","","","","","","","","","","","","","","","","","","","","","","","",
"Oman","OMN","Literacy rate, adult total (% of people ages 15 and above)","SE.ADT.LITR.ZS","","","","","","","","","","","","","","","","","","","","","","","","","","","","","","","","","","","","","","","","","","","","81.3633117675781","","","","","86.6211395263672","","86.9390029907227","","","","91.981201171875","93.0386123657227","","",
"Other small states","OSS","Literacy rate, adult total (% of people ages 15 and above)","SE.ADT.LITR.ZS","","","","","","","","","","","","","","","","","","","","","","","","71.23765","71.40447","71.55115","71.79697","72.14631","72.60944","73.0665","73.51784","73.89403","74.34862","74.93638","75.07373","75.45174","76.06865","76.6262","77.44681","77.98227","78.04831","78.71025","79.44691","80.06439","80.4657","80.98235","80.52833","79.74801","80.93784","80.4024","81.07433","81.56349","81.98122","82.44064","82.67978","83.11836","83.31599","",
"Pakistan","PAK","Literacy rate, adult total (% of people ages 15 and above)","SE.ADT.LITR.ZS","","","","","","","","","","","","","","","","","","","","","","25.7251892089844","","","","","","","","","","","","","","","","","42.6993103027344","","","","","","","49.8736381530762","54.1512107849121","","55.5263710021973","54.8926391601563","55.3751907348633","54.7380218505859","56.7643394470215","55.5949897766113","56.9771499633789","","","",
"Panama","PAN","Literacy rate, adult total (% of people ages 15 and above)","SE.ADT.LITR.ZS","","","","","","","","","","","","","","","","","","","","","88.0717391967773","","","","","","","","","","88.7798614501953","","","","","","","","","","91.8996200561523","","","","","","","","","","94.0941162109375","","","","","","","",
"Peru","PER","Literacy rate, adult total (% of people ages 15 and above)","SE.ADT.LITR.ZS","","","","","","","","","","","","","","","","","","","","","","81.91845703125","","","","","","","","","","","","87.1506271362305","","","","","","","","","","","87.6698532104492","87.9086685180664","88.6993408203125","89.5908126831055","","","","","93.8417282104492","","93.7079467773438","94.1623382568359","94.1736679077148","",
"Philippines","PHL","Literacy rate, adult total (% of people ages 15 and above)","SE.ADT.LITR.ZS","","","","","","","","","","","","","","","","","","","","","83.3172302246094","","","","","","","","","","93.5738983154297","","","","93.9159698486328","","","","","","92.6000595092773","","","92.590690612793","","","","","95.4200973510742","","","","","96.3980026245117","","","","",
"Palau","PLW","Literacy rate, adult total (% of people ages 15 and above)","SE.ADT.LITR.ZS","","","","","","","","","","","","","","","","","","","","","91.9214172363281","","","","","","","","","","","","","","","","","","","","","","","","","","","","","","","","","99.5031280517578","","96.5937423706055","","",
"Papua New Guinea","PNG","Literacy rate, adult total (% of people ages 15 and above)","SE.ADT.LITR.ZS","","","","","","","","","","","","","","","","","","","","","","","","","","","","","","","","","","","","","","","","","57.34326171875","","","","","","","","","","","","","","","","","",
"Poland","POL","Literacy rate, adult total (% of people ages 15 and above)","SE.ADT.LITR.ZS","","","","","","","","","","","","","","","","","","","98.7427368164063","","","","","","","","","","","","","","","","","","","","","","","","","","","","","","","","","","","","","","","",
"Pre-demographic dividend","PRE","Literacy rate, adult total (% of people ages 15 and above)","SE.ADT.LITR.ZS","","","","","","","","","","","","","","","","","","","","","","","","","","","48.51207","49.27052","49.86534","50.60603","51.26995","51.74105","52.07221","52.63367","53.21348","53.57565","54.24886","55.20746","55.88026","56.80446","55.15354","56.12885","56.71578","57.07591","58.37692","57.89718","57.10726","55.76744","55.00083","54.80424","55.16317","56.93676","58.03313","58.324","59.2573","59.83464","60.61667","",
"Puerto Rico","PRI","Literacy rate, adult total (% of people ages 15 and above)","SE.ADT.LITR.ZS","","","","","","","","","","","","","","","","","","","","","86.7460632324219","","","","","","","","","","89.6224975585938","","","","","","","","","","","","","","","","","","","","91.9652328491211","","","","","","","",
"Korea, Dem. People’s Rep.","PRK","Literacy rate, adult total (% of people ages 15 and above)","SE.ADT.LITR.ZS","","","","","","","","","","","","","","","","","","","","","","","","","","","","","","","","","","","","","","","","","","","","","","","","","99.9981918334961","","","","","","","","","",
"Portugal","PRT","Literacy rate, adult total (% of people ages 15 and above)","SE.ADT.LITR.ZS","","","","","","","","","","","","","","","","","","","","","","79.4356079101563","","","","","","","","","","87.9478530883789","","","","","","","","","","","","","","","","","","","","94.47705078125","","","","","","",
"Paraguay","PRY","Literacy rate, adult total (% of people ages 15 and above)","SE.ADT.LITR.ZS","","","","","","","","","","","","","","","","","","","","","","","78.458610534668","","","","","","","","","","90.2718200683594","","","","","","","","","","","","","","","94.558219909668","93.2920837402344","93.7542419433594","93.8709182739258","","","","94.6167221069336","95.0727005004883","","",
"West Bank and Gaza","PSE","Literacy rate, adult total (% of people ages 15 and above)","SE.ADT.LITR.ZS","","","","","","","","","","","","","","","","","","","","","","","","","","","","","","","","","","","","","","86.0628890991211","","","","","","","92.2799682617188","","93.4500122070313","93.8821411132813","92.5361633300781","94.5991668701172","94.9320068359375","95.2672424316406","95.9062194824219","96.2848968505859","96.4283905029297","96.6907272338867","96.9302291870117","",
"Pacific island small states","PSS","Literacy rate, adult total (% of people ages 15 and above)","SE.ADT.LITR.ZS","","","","","","","","","","","","","","","","","","","","","","","","","","","","","","","","","","","","","","","","","","","","","","","","","","","","","","","","","","",
"Post-demographic dividend","PST","Literacy rate, adult total (% of people ages 15 and above)","SE.ADT.LITR.ZS","","","","","","","","","","","","","","","","","","","","","","","","","","","","","","","","","","","","","","","","","","","","","","","","","","","","","","","","","","",
"French Polynesia","PYF","Literacy rate, adult total (% of people ages 15 and above)","SE.ADT.LITR.ZS","","","","","","","","","","","","","","","","","","","","","","","","","","","","","","","","","","","","","","","","","","","","","","","","","","","","","","","","","","",
"Qatar","QAT","Literacy rate, adult total (% of people ages 15 and above)","SE.ADT.LITR.ZS","","","","","","","","","","","","","","","","","","","","","","","","","","","75.6350402832031","","","","","","","","","","","83.2621612548828","","","","","","","88.9623870849609","","","93.0827407836914","93.9897308349609","94.7242889404297","96.2837371826172","96.406867980957","96.6785888671875","97.4778518676758","97.7466888427734","","","",
"Romania","ROU","Literacy rate, adult total (% of people ages 15 and above)","SE.ADT.LITR.ZS","","","","","","","","","","","","","","","","","","","","","","","","","","","","","","","","","96.7099761962891","","","","","","","","","","97.2975921630859","","","","","","","","","98.6042861938477","","","","","","",
"Russian Federation","RUS","Literacy rate, adult total (% of people ages 15 and above)","SE.ADT.LITR.ZS","","","","","","","","","","","","","","","","","","","","","","","","","","","","","","97.9860534667969","","","","","","","","","","","","","99.4409713745117","","","","","","","","99.6842727661133","","","","","","","",
"Rwanda","RWA","Literacy rate, adult total (% of people ages 15 and above)","SE.ADT.LITR.ZS","","","","","","","","","","","","","","","","","","","38.2434310913086","","","","","","","","","","","","","57.8534889221191","","","","","","","","","64.8886032104492","","","","","","","","","","65.8522720336914","","68.3310317993164","","","","","",
"South Asia","SAS","Literacy rate, adult total (% of people ages 15 and above)","SE.ADT.LITR.ZS","","","","","","","","","","","","","","","","36.18579","36.19728","36.85098","37.49674","38.12363","38.73984","38.78821","39.96757","40.61454","41.26079","41.9086","42.55219","43.19914","43.94397","44.69504","45.42505","45.84049","47.10364","48.08159","48.85541","49.64559","50.44213","51.24289","56.131","56.88355","57.65712","58.13345","59.18189","60.06939","60.84138","60.60574","60.81666","61.92105","63.41836","64.12391","65.83157","65.45858","68.32433","68.87437","69.66934","70.27439","70.99704","",
"Saudi Arabia","SAU","Literacy rate, adult total (% of people ages 15 and above)","SE.ADT.LITR.ZS","","","","","","","","","","","","","","","","","","","","","","","","","","","","","","","","","70.821647644043","","","","","","","","79.3509368896484","","","","82.8577423095703","","","","","","","","","94.4263381958008","","","","",
"Sudan","SDN","Literacy rate, adult total (% of people ages 15 and above)","SE.ADT.LITR.ZS","","","","","","","","","","","","","","","","","","","","","","","","","","","","","","","","","","","","","","","","","61.3458709716797","","","","","","","","53.5173797607422","","","","","","","","","",
"Senegal","SEN","Literacy rate, adult total (% of people ages 15 and above)","SE.ADT.LITR.ZS","","","","","","","","","","","","","","","","","","","","","","","","","","","","","26.8688507080078","","","","","","","","","","","","","","39.2752494812012","","","","41.8911514282227","","","49.6951293945313","","52.0519599914551","","42.8175010681152","","","","",
"Singapore","SGP","Literacy rate, adult total (% of people ages 15 and above)","SE.ADT.LITR.ZS","","","","","","","","","","","","","","","","","","","","","82.9060516357422","","","","","","","","","","89.0960006713867","","","","","","","","","","92.5494003295898","","","","","","","","","","95.8573303222656","96.1860809326172","96.3697891235352","96.5480804443359","96.7166595458984","96.8254928588867","97.0495910644531","",
"Solomon Islands","SLB","Literacy rate, adult total (% of people ages 15 and above)","SE.ADT.LITR.ZS","","","","","","","","","","","","","","","","","","","","","","","","","","","","","","","","","","","","","","","","76.5999984741211","","","","","","","","","","","","","","","","","","",
"Sierra Leone","SLE","Literacy rate, adult total (% of people ages 15 and above)","SE.ADT.LITR.ZS","","","","","","","","","","","","","","","","","","","","","","","","","","","","","","","","","","","","","","","","","","","","","34.826789855957","","","","","","","","","32.4261703491211","","","","",
"El Salvador","SLV","Literacy rate, adult total (% of people ages 15 and above)","SE.ADT.LITR.ZS","","","","","","","","","","","","","","","","","","","","","","","","","","","","","","","","","74.1431579589844","","","","","","","","","","","","","","83.5594635009766","82.0286331176758","83.951301574707","84.1028900146484","84.4927215576172","85.4939880371094","","86.767578125","","87.9698486328125","","",
"San Marino","SMR","Literacy rate, adult total (% of people ages 15 and above)","SE.ADT.LITR.ZS","","","","","","","","","","","","","","","","","","","","","","","","","","","","","","","","","","","","","","","","","","","","","","","","","","","","","","","","","","",
"Somalia","SOM","Literacy rate, adult total (% of people ages 15 and above)","SE.ADT.LITR.ZS","","","","","","","","","","","","","","","","","","","","","","","","","","","","","","","","","","","","","","","","","","","","","","","","","","","","","","","","","","",
"Serbia","SRB","Literacy rate, adult total (% of people ages 15 and above)","SE.ADT.LITR.ZS","","","","","","","","","","","","","","","","","","","","","","","","","","","","","","","","","","","","","","","","","","","","","","","","","","","","97.9624099731445","","","","","98.8415069580078","",
"Sub-Saharan Africa (excluding high income)","SSA","Literacy rate, adult total (% of people ages 15 and above)","SE.ADT.LITR.ZS","","","","","","","","","","","","","","","","","","","","","","","","","49.03187","49.42564","49.78354","50.42935","50.94562","51.53737","52.22458","52.60175","53.07468","53.63763","54.36514","54.64379","55.23853","56.13577","56.76473","57.58576","56.24187","57.18104","57.67968","58.08811","59.97229","59.00991","58.5082","58.05929","57.5454","58.81456","59.17684","60.75778","61.8073","62.31554","63.0425","63.61612","64.34634","",
"South Sudan","SSD","Literacy rate, adult total (% of people ages 15 and above)","SE.ADT.LITR.ZS","","","","","","","","","","","","","","","","","","","","","","","","","","","","","","","","","","","","","","","","","","","","","","","","","26.8312797546387","","","","","","","","","",
"Sub-Saharan Africa","SSF","Literacy rate, adult total (% of people ages 15 and above)","SE.ADT.LITR.ZS","","","","","","","","","","","","","","","","","","","","","","","","","49.0381","49.43184","49.78963","50.43524","50.95139","51.54299","52.23015","52.60737","53.08026","53.64322","54.3706","54.64935","55.24401","56.14112","56.76999","57.59091","56.2473","57.18644","57.68504","58.09352","59.97746","59.01526","58.51361","58.06473","57.55084","58.81977","59.18192","60.76259","61.81189","62.31998","63.04676","63.62022","64.35027","",
"Small states","SST","Literacy rate, adult total (% of people ages 15 and above)","SE.ADT.LITR.ZS","","","","","","","","","","","","","","","","","","","","","","","","","","","76.22189","76.43201","76.72213","77.01183","77.32752","77.57157","77.8809","78.28729","78.38376","78.70354","79.19048","79.63474","80.2616","80.55716","80.77915","81.29346","81.85531","82.32954","82.64964","83.04854","82.74045","82.2582","83.12731","82.74811","83.21416","83.55761","83.82282","84.12597","84.29626","84.62552","84.77137","",
"Sao Tome and Principe","STP","Literacy rate, adult total (% of people ages 15 and above)","SE.ADT.LITR.ZS","","","","","","","","","","","","","","","","","","","","","","57.3242607116699","","","","","","","","","","73.2424163818359","","","","","","","","","","84.9085083007813","","","","","","","69.5363922119141","","","","90.1430969238281","","","","","",
"Suriname","SUR","Literacy rate, adult total (% of people ages 15 and above)","SE.ADT.LITR.ZS","","","","","","","","","","","","","","","","","","","","","","","","","","","","","","","","","","","","","","","","","","","","","89.5980606079102","","","","94.6209411621094","","94.6757507324219","","92.8686599731445","","","","","",
"Slovak Republic","SVK","Literacy rate, adult total (% of people ages 15 and above)","SE.ADT.LITR.ZS","","","","","","","","","","","","","","","","","","","","","","","","","","","","","","","","","","","","","","","","","","","","","","","","","","","","","","","","","","",
"Slovenia","SVN","Literacy rate, adult total (% of people ages 15 and above)","SE.ADT.LITR.ZS","","","","","","","","","","","","","","","","","","","","","","","","","","","","","","","","99.5245208740234","","","","","","","","","","","","","","","","","","","","","","","","","","",
"Sweden","SWE","Literacy rate, adult total (% of people ages 15 and above)","SE.ADT.LITR.ZS","","","","","","","","","","","","","","","","","","","","","","","","","","","","","","","","","","","","","","","","","","","","","","","","","","","","","","","","","","",
"Eswatini","SWZ","Literacy rate, adult total (% of people ages 15 and above)","SE.ADT.LITR.ZS","","","","","","","","","","","","","","","","","55.3250389099121","","","","","","","","","","67.2393798828125","","","","","","","","","","","","","","81.6606979370117","","","","","","","","","","83.0982894897461","","","","","","","",
"Sint Maarten (Dutch part)","SXM","Literacy rate, adult total (% of people ages 15 and above)","SE.ADT.LITR.ZS","","","","","","","","","","","","","","","","","","","","","","","","","","","","","","","","","","","","","","","","","","","","","","","","","","","","","","","","","","",
"Seychelles","SYC","Literacy rate, adult total (% of people ages 15 and above)","SE.ADT.LITR.ZS","","","","","","","","","","","","","","","","","","","","","","","","","","","","84.2292175292969","","","","","","","87.811149597168","","","","","","","","91.8364562988281","","","","","","","","93.954231262207","","","","","","","",
"Syrian Arab Republic","SYR","Literacy rate, adult total (% of people ages 15 and above)","SE.ADT.LITR.ZS","","","","","","","","","","","","","","","","","","","","","","55.6544990539551","","","","","","","","","","","","","","","","","","","","","82.8882522583008","","80.8445205688477","","","","","","","","","","","","","",
"Turks and Caicos Islands","TCA","Literacy rate, adult total (% of people ages 15 and above)","SE.ADT.LITR.ZS","","","","","","","","","","","","","","","","","","","","","","","","","","","","","","","","","","","","","","","","","","","","","","","","","","","","","","","","","","",
"Chad","TCD","Literacy rate, adult total (% of people ages 15 and above)","SE.ADT.LITR.ZS","","","","","","","","","","","","","","","","","","","","","","","","","","","","","","","","","","10.8946504592896","","","","","","","25.6542091369629","","","","28.3814296722412","","","","","","","","","","","26.0029907226563","22.3115501403809","",
"East Asia & Pacific (IDA & IBRD countries)","TEA","Literacy rate, adult total (% of people ages 15 and above)","SE.ADT.LITR.ZS","","","","","","","","","","","","","","","","","63.52885","63.69738","64.83481","66.0139","66.53323","68.25838","68.93415","70.45556","71.51686","72.53196","73.47626","74.73917","79.09659","79.79894","79.52593","80.97195","81.47959","81.94565","82.49114","83.02863","83.56768","89.26415","89.63708","89.97146","90.45229","90.73628","91.11236","91.48216","92.03041","92.3994","92.82903","93.92203","94.16535","94.47115","94.55668","94.39024","94.61723","94.70958","95.06234","95.1932","95.31731","",
"Europe & Central Asia (IDA & IBRD countries)","TEC","Literacy rate, adult total (% of people ages 15 and above)","SE.ADT.LITR.ZS","","","","","","","","","","","","","","","","","","","","","","","","94.60724","95.20041","95.36546","95.4184","95.53598","95.66518","95.74159","95.93623","95.98281","96.09748","96.20728","96.31522","96.42752","96.58856","96.68915","96.98323","97.03974","97.14596","97.21642","97.29258","97.35817","97.48861","97.67028","97.63778","97.72247","97.74492","98.20237","98.4725","98.69315","98.80603","98.84606","98.87219","98.89842","98.95928","",
"Togo","TGO","Literacy rate, adult total (% of people ages 15 and above)","SE.ADT.LITR.ZS","","","","","","","","","","","","","","","","","","","","","","","","","","","","","","","","","","","","","","","","","53.1776008605957","","","","","","56.888370513916","","","57.0933799743652","","60.4099388122559","","","","63.7456207275391","","",
"Thailand","THA","Literacy rate, adult total (% of people ages 15 and above)","SE.ADT.LITR.ZS","","","","","","","","","","","","","","","","","","","","","87.9817581176758","","","","","","","","","","","","","","","","","","","","92.6465377807617","","","","","93.5064697265625","","","","","96.430908203125","","","93.7020721435547","","92.8683090209961","","",
"Tajikistan","TJK","Literacy rate, adult total (% of people ages 15 and above)","SE.ADT.LITR.ZS","","","","","","","","","","","","","","","","","","","","","","","","","","","","","","97.6940231323242","","","","","","","","","","","99.45068359375","","","","","","","","","","","","","","","","","",
"Turkmenistan","TKM","Literacy rate, adult total (% of people ages 15 and above)","SE.ADT.LITR.ZS","","","","","","","","","","","","","","","","","","","","","","","","","","","","","","","","","","","","98.7783203125","","","","","","","","","","","","","","","","","","","","","","",
"Latin America & the Caribbean (IDA & IBRD countries)","TLA","Literacy rate, adult total (% of people ages 15 and above)","SE.ADT.LITR.ZS","","","","","","","","","","","","","","","78.11856","78.11896","78.46225","78.88394","79.32554","79.72453","80.06468","80.47937","80.86625","81.26291","81.64482","82.0153","82.38318","82.67917","83.1881","83.64951","84.00739","84.6413","85.2831","85.93795","86.55704","87.18694","87.50844","87.82117","88.30486","88.60978","88.76769","88.9582","89.04144","89.8689","89.74513","90.26876","90.16415","90.64489","91.01254","91.21955","91.40869","91.98063","92.23696","92.2839","92.72364","93.08523","93.38841","",
"Timor-Leste","TLS","Literacy rate, adult total (% of people ages 15 and above)","SE.ADT.LITR.ZS","","","","","","","","","","","","","","","","","","","","","","","","","","","","","","","","","","","","","","","","","","37.5999984741211","","","","","","50.5999984741211","","","58.3089790344238","","","","","","","",
"Middle East & North Africa (IDA & IBRD countries)","TMN","Literacy rate, adult total (% of people ages 15 and above)","SE.ADT.LITR.ZS","","","","","","","","","","","","38.61421","39.09878","39.58877","40.08431","40.61959","41.18872","41.75511","42.46069","43.18723","43.99548","44.77786","45.5414","46.31881","47.3277","48.38558","49.63743","50.38217","51.50451","52.56071","55.20591","56.4822","57.51019","58.39114","59.37063","60.94769","62.4559","63.32172","64.51334","65.62372","66.66792","67.83297","68.13793","71.84307","72.76931","73.18728","72.18506","72.67536","73.18773","72.95272","73.79424","73.97751","74.48753","74.77785","75.28407","76.12811","76.55186","",
"Tonga","TON","Literacy rate, adult total (% of people ages 15 and above)","SE.ADT.LITR.ZS","","","","","","","","","","","","","","","","","99.5924606323242","","","","","","","","","","","","","","","","","","","","98.9053726196289","","","","","","","","","","99.0184631347656","","","","","99.3855285644531","","","","","","",
"South Asia (IDA & IBRD)","TSA","Literacy rate, adult total (% of people ages 15 and above)","SE.ADT.LITR.ZS","","","","","","","","","","","","","","","","36.18579","36.19728","36.85098","37.49674","38.12363","38.73984","38.78821","39.96757","40.61454","41.26079","41.9086","42.55219","43.19914","43.94397","44.69504","45.42505","45.84049","47.10364","48.08159","48.85541","49.64559","50.44213","51.24289","56.131","56.88355","57.65712","58.13345","59.18189","60.06939","60.84138","60.60574","60.81666","61.92105","63.41836","64.12391","65.83157","65.45858","68.32433","68.87437","69.66934","70.27439","70.99704","",
"Sub-Saharan Africa (IDA & IBRD countries)","TSS","Literacy rate, adult total (% of people ages 15 and above)","SE.ADT.LITR.ZS","","","","","","","","","","","","","","","","","","","","","","","","","49.0381","49.43184","49.78963","50.43524","50.95139","51.54299","52.23015","52.60737","53.08026","53.64322","54.3706","54.64935","55.24401","56.14112","56.76999","57.59091","56.2473","57.18644","57.68504","58.09352","59.97746","59.01526","58.51361","58.06473","57.55084","58.81977","59.18192","60.76259","61.81189","62.31998","63.04676","63.62022","64.35027","",
"Trinidad and Tobago","TTO","Literacy rate, adult total (% of people ages 15 and above)","SE.ADT.LITR.ZS","","","","","","","","","","","","","","","","","","","","","94.9703216552734","","","","","","","","","","96.9385528564453","","","","","","","","","","","","","","","","","","","","","","","","","","","",
"Tunisia","TUN","Literacy rate, adult total (% of people ages 15 and above)","SE.ADT.LITR.ZS","","","","","","","","","","","","","","","","","","","","","","","","","48.1907005310059","","","","","","","","","","","","","","","","","","","","74.2969970703125","","","77.1903991699219","77.5611267089844","","79.1305770874023","79.6539077758789","80.21875","","79.0364303588867","","","",
"Turkey","TUR","Literacy rate, adult total (% of people ages 15 and above)","SE.ADT.LITR.ZS","","","","","","","","","","","","","","","","61.6276817321777","","","","","65.6943435668945","","","","","75.9682388305664","","","","","79.2324523925781","","","","","","","","","","","","","","87.3654937744141","88.2290573120117","88.1193923950195","88.6558990478516","","90.8167190551758","92.6605987548828","94.106086730957","94.9197463989258","95.2566604614258","95.4396286010742","95.6014175415039","","",
"Tuvalu","TUV","Literacy rate, adult total (% of people ages 15 and above)","SE.ADT.LITR.ZS","","","","","","","","","","","","","","","","","","","","","","","","","","","","","","","","","","","","","","","","","","","","","","","","","","","","","","","","","","",
"Tanzania","TZA","Literacy rate, adult total (% of people ages 15 and above)","SE.ADT.LITR.ZS","","","","","","","","","","","","","","","","","","","","","","","","","","","","","59.1138000488281","","","","","","","","","","","","","","69.4309005737305","","","","","","","","67.8006973266602","","78.1005935668945","","","77.8872299194336","","",
"Uganda","UGA","Literacy rate, adult total (% of people ages 15 and above)","SE.ADT.LITR.ZS","","","","","","","","","","","","","","","","","","","","","","","","","","","","","","","","56.1073799133301","","","","","","","","","","","68.1425094604492","","","","71.3731384277344","","","","73.2118835449219","","70.1982192993164","","","","","",
"Ukraine","UKR","Literacy rate, adult total (% of people ages 15 and above)","SE.ADT.LITR.ZS","","","","","","","","","","","","","","","","","","","","","","","","","","","","","","","","","","","","","","","","","","99.4304122924805","","","","","","","","","","","99.9743499755859","","","","","",
"Upper middle income","UMC","Literacy rate, adult total (% of people ages 15 and above)","SE.ADT.LITR.ZS","","","","","","","","","","","","","","","","","69.63019","69.72891","70.53599","71.31293","72.11711","72.88296","73.33067","74.46838","75.36912","76.13986","76.87008","77.56833","80.9611","81.51163","81.5411","82.66897","83.14784","83.61683","84.06761","84.55708","84.99422","89.46058","89.84554","90.16596","90.54035","90.78726","90.96641","91.50942","91.91894","92.24621","92.41738","93.3268","93.56802","93.78637","93.84457","94.1701","94.30538","94.34268","94.55732","94.78283","94.95296","",
"Uruguay","URY","Literacy rate, adult total (% of people ages 15 and above)","SE.ADT.LITR.ZS","","","","","","","","","","","","","","","","93.8610687255859","","","","","","","","","","95.3799819946289","","","","","","","","","","","96.7818069458008","","","","","","","","","","97.7896270751953","97.8638916015625","98.1635589599609","98.2672271728516","98.0727081298828","98.3358993530273","98.3959426879883","98.3638687133789","98.4359283447266","98.5238723754883","","",
"United States","USA","Literacy rate, adult total (% of people ages 15 and above)","SE.ADT.LITR.ZS","","","","","","","","","","","","","","","","","","","","","","","","","","","","","","","","","","","","","","","","","","","","","","","","","","","","","","","","","","",
"Uzbekistan","UZB","Literacy rate, adult total (% of people ages 15 and above)","SE.ADT.LITR.ZS","","","","","","","","","","","","","","","","","","","","","","","","","","","","","","","","","","","","","","","","","98.642578125","","","","","","","","","","","","","99.9948577880859","99.9805526733398","99.9838333129883","","",
"St. Vincent and the Grenadines","VCT","Literacy rate, adult total (% of people ages 15 and above)","SE.ADT.LITR.ZS","","","","","","","","","","","95.6321563720703","","","","","","","","","","","","","","","","","","","","","","","","","","","","","","","","","","","","","","","","","","","","","","","",
"Venezuela, RB","VEN","Literacy rate, adult total (% of people ages 15 and above)","SE.ADT.LITR.ZS","","","","","","","","","","","","","","","","","","","","","","84.7322006225586","","","","","","","","","89.8252487182617","","","","","","","","","","","92.9798278808594","","","","","","95.1546401977539","","95.5119934082031","","94.7702178955078","","","","96.6052169799805","97.1270904541016","",
"British Virgin Islands","VGB","Literacy rate, adult total (% of people ages 15 and above)","SE.ADT.LITR.ZS","","","","","","","","","","","","","","","","","","","","","","","","","","","","","","","","","","","","","","","","","","","","","","","","","","","","","","","","","","",
"Virgin Islands (U.S.)","VIR","Literacy rate, adult total (% of people ages 15 and above)","SE.ADT.LITR.ZS","","","","","","","","","","","","","","","","","","","","","","","","","","","","","","","","","","","","","","","","","","","","","","","","","","","","","","","","","","",
"Vietnam","VNM","Literacy rate, adult total (% of people ages 15 and above)","SE.ADT.LITR.ZS","","","","","","","","","","","","","","","","","","","","83.8259429931641","","","","","","","","","","87.5964508056641","","","","","","","","","","90.2782974243164","90.1561279296875","","","","","","","","","93.5204467773438","","","","","","","","",
"Vanuatu","VUT","Literacy rate, adult total (% of people ages 15 and above)","SE.ADT.LITR.ZS","","","","","","","","","","","","","","","","","","","","52.8739204406738","","","","","","","","","","","","","","","","","","","","74","","","","","","","","","","","","","","","","","","",
"World","WLD","Literacy rate, adult total (% of people ages 15 and above)","SE.ADT.LITR.ZS","","","","","","","","","","","","","","","","","68.89088","69.01872","69.42679","69.82894","70.04151","70.52107","70.90224","71.43196","71.89769","72.31477","72.71471","73.22343","74.75798","75.13745","75.44227","75.98572","76.40811","76.76463","77.1191","77.47595","77.85684","79.81575","81.00499","81.31425","81.48032","81.74314","82.07512","82.56752","83.03863","83.00066","82.99782","83.5107","83.83223","84.14787","84.5641","84.59739","85.36389","85.49051","85.80934","86.01721","86.24776","",
"Samoa","WSM","Literacy rate, adult total (% of people ages 15 and above)","SE.ADT.LITR.ZS","","","","","","","","","","","","","","","","","","","","","","","","","","","","","","","","97.9443283081055","","","","","","","","","","","","","","","","","","","","98.973258972168","","","","","","",
"Kosovo","XKX","Literacy rate, adult total (% of people ages 15 and above)","SE.ADT.LITR.ZS","","","","","","","","","","","","","","","","","","","","","","","","","","","","","","","","","","","","","","","","","","","","","","","","","","","","","","","","","","",
"Yemen, Rep.","YEM","Literacy rate, adult total (% of people ages 15 and above)","SE.ADT.LITR.ZS","","","","","","","","","","","","","","","","","","","","","","","","","","","","","","","","","","","37.0900001525879","","","","","","","","","","","","","","","","","","","","","","","",
"South Africa","ZAF","Literacy rate, adult total (% of people ages 15 and above)","SE.ADT.LITR.ZS","","","","","","","","","","","","","","","","","","","","","76.2004928588867","","","","","","","","","","","","","","","","82.402099609375","","","","","","","","","","","88.7172470092773","","92.8948593139648","92.8773193359375","93.1021423339844","93.7294692993164","","94.1399002075195","94.367919921875","","",
"Zambia","ZMB","Literacy rate, adult total (% of people ages 15 and above)","SE.ADT.LITR.ZS","","","","","","","","","","","","","","","","","","","","","","","","","","","","","","","64.9982604980469","","","","","","","","","68.0017929077148","","","69.1492233276367","","","","","61.4282913208008","","","83.0076675415039","","","","","","","",
"Zimbabwe","ZWE","Literacy rate, adult total (% of people ages 15 and above)","SE.ADT.LITR.ZS","","","","","","","","","","","","","","","","","","","","","","","77.7941665649414","","","","","","","","","","83.512580871582","","","","","","","","","","","","","","","","","","","83.5827102661133","","","88.6934204101563","","","",
